,drug,0,1,2,3,4,5,6,7,8,9,10,11,12,13,14,15,16,17,18,19,20,21,22,23,24
0,"DRG1,DRG2",0.0,0.0,0.0,9.5,9.5,9.5,9.5,1.5,1.5,1.5,1.5,1.5,1.5,3.5,3.5,3.5,7.5,7.5,7.5,1.5,1.5,1.5,1.5,1.5,1.5
1,"DRG1,DRG3",0.0,0.0,9.5,0.0,9.5,9.5,9.5,1.5,1.5,1.5,1.5,1.5,1.5,3.5,3.5,3.5,7.5,7.5,7.5,1.5,1.5,1.5,1.5,1.5,1.5
2,"DRG1,DRG4",0.0,0.0,9.5,9.5,0.0,9.5,9.5,1.5,1.5,1.5,1.5,1.5,1.5,3.5,3.5,3.5,7.5,7.5,7.5,1.5,1.5,1.5,1.5,1.5,1.5
3,"DRG1,DRG5",0.0,0.0,0.0,1.5,1.5,0.0,9.5,1.5,1.5,1.5,1.5,1.5,1.5,3.5,3.5,3.5,7.5,7.5,7.5,1.5,1.5,1.5,1.5,1.5,1.5
4,"DRG1,DRG6",0.0,0.0,9.5,9.5,9.5,9.5,9.5,1.5,1.5,1.5,1.5,1.5,1.5,3.5,3.5,3.5,7.5,7.5,7.5,1.5,1.5,1.5,1.5,1.5,1.5
5,"DRG1,DRG7",0.0,0.0,0.0,1.5,1.5,0.0,0.0,1.5,1.5,1.5,1.5,1.5,1.5,3.5,3.5,3.5,7.5,7.5,7.5,1.5,1.5,1.5,1.5,1.5,1.5
6,"DRG1,DRG8",0.0,0.0,9.5,9.5,9.5,9.5,9.5,0.0,1.5,1.5,1.5,1.5,1.5,0.0,0.0,0.0,5.5,5.5,5.5,0.5,1.0,1.0,1.0,1.0,1.0
7,"DRG1,DRG9",0.0,0.0,7.5,7.5,7.5,7.5,7.5,1.5,1.5,1.5,1.5,1.5,1.5,1.5,3.5,3.5,7.5,7.5,7.5,1.5,1.5,1.5,1.5,1.5,1.5
8,"DRG1,DRG10",0.0,0.0,3.5,3.5,3.5,3.5,3.5,1.5,1.5,1.5,1.5,1.5,1.5,3.5,3.5,3.5,1.5,7.5,7.5,1.5,1.5,1.5,1.5,1.5,1.5
9,"DRG1,DRG11",0.0,0.0,7.0,7.0,7.0,7.0,7.0,1.5,1.5,1.5,1.5,1.5,1.5,3.5,3.5,3.5,7.5,7.5,7.5,1.5,1.5,1.5,1.5,1.5,1.5
10,"DRG1,DRG12",0.0,0.0,7.5,7.5,7.5,7.5,7.5,1.5,1.5,1.5,1.5,1.5,1.5,1.5,1.5,3.5,7.5,7.5,7.5,1.5,1.5,1.5,1.5,1.5,1.5
11,"DRG1,DRG13",0.0,0.0,3.5,3.5,3.5,3.5,3.5,1.5,1.5,1.5,1.5,1.5,1.5,3.5,3.5,3.5,1.5,1.5,7.5,1.5,1.5,1.5,1.5,1.5,1.5
12,"DRG1,DRG14",0.0,0.0,7.0,7.0,7.0,7.0,7.0,0.0,0.0,0.0,0.0,1.5,1.5,0.0,0.0,0.0,5.5,5.5,5.5,0.5,1.0,1.0,1.0,1.0,1.0
13,"DRG1,DRG15",0.0,0.0,7.5,7.5,7.5,7.5,7.5,1.5,1.5,1.5,1.5,1.5,1.5,1.5,1.5,1.5,7.5,7.5,7.5,1.5,1.5,1.5,1.5,1.5,1.5
14,"DRG1,DRG16",0.0,0.0,3.5,3.5,3.5,3.5,3.5,1.5,1.5,1.5,1.5,1.5,1.5,3.5,3.5,3.5,1.5,1.5,1.5,1.5,1.5,1.5,1.5,1.5,1.5
15,"DRG1,DRG17",0.0,0.0,7.0,7.0,7.0,7.0,7.0,0.0,0.0,0.0,0.0,0.0,1.5,0.0,0.0,0.0,5.5,5.5,5.5,0.5,1.0,1.0,1.0,1.0,1.0
16,"DRG1,DRG18",0.0,0.0,7.0,7.0,7.0,7.0,7.0,1.0,1.0,1.0,1.0,1.0,1.0,2.5,2.5,2.5,5.5,5.5,5.5,1.5,1.0,1.0,1.0,1.0,1.0
17,"DRG1,DRG19",1.0,1.0,9.5,9.5,9.5,9.5,9.5,1.5,1.5,1.5,1.5,1.5,1.5,3.5,3.5,3.5,7.5,7.5,7.5,1.5,1.5,1.5,1.5,1.5,1.5
18,"DRG1,DRG20",0.5,0.5,9.5,9.5,9.5,9.5,9.5,1.5,1.5,1.5,1.5,1.5,1.5,3.5,3.5,3.5,7.5,7.5,7.5,1.5,1.5,1.5,1.5,1.5,1.5
19,"DRG1,DRG21",0.0,0.0,9.5,9.5,9.5,9.5,9.5,1.5,1.5,1.5,1.5,1.5,1.5,3.5,3.5,3.5,7.5,7.5,7.5,1.5,1.5,1.5,1.5,1.5,1.5
20,"DRG1,DRG22",0.0,0.0,9.5,9.5,9.5,9.5,9.5,1.5,1.5,1.5,1.5,1.5,1.5,3.5,3.5,3.5,7.5,7.5,7.5,1.5,1.5,1.5,1.5,1.5,1.5
21,"DRG1,DRG23",0.0,0.0,3.5,3.5,3.5,3.5,3.5,1.5,1.5,1.5,1.5,1.5,1.5,1.5,1.5,1.5,3.5,3.5,3.5,1.5,1.5,1.5,1.5,1.5,1.5
22,"DRG1,DRG24",1.0,1.0,9.5,9.5,9.5,9.5,9.5,1.5,1.5,1.5,1.5,1.5,1.5,3.5,3.5,3.5,7.5,7.5,7.5,1.5,1.5,1.5,1.5,1.5,1.5
23,"DRG2,DRG3",0.0,9.5,0.0,0.0,9.5,9.5,9.5,1.5,1.5,1.5,1.5,1.5,1.5,3.5,3.5,3.5,7.5,7.5,7.5,1.5,1.5,1.5,1.5,1.5,1.5
24,"DRG2,DRG4",0.0,9.5,0.0,9.5,0.0,9.5,9.5,1.5,1.5,1.5,1.5,1.5,1.5,3.5,3.5,3.5,7.5,7.5,7.5,1.5,1.5,1.5,1.5,1.5,1.5
25,"DRG2,DRG5",0.0,0.0,0.0,1.5,1.5,0.0,9.5,1.5,1.5,1.5,1.5,1.5,1.5,3.5,3.5,3.5,7.5,7.5,7.5,1.5,1.5,1.5,1.5,1.5,1.5
26,"DRG2,DRG6",0.0,9.5,0.0,9.5,9.5,9.5,9.5,1.5,1.5,1.5,1.5,1.5,1.5,3.5,3.5,3.5,7.5,7.5,7.5,1.5,1.5,1.5,1.5,1.5,1.5
27,"DRG2,DRG7",0.0,0.0,0.0,1.5,1.5,0.0,0.0,1.5,1.5,1.5,1.5,1.5,1.5,3.5,3.5,3.5,7.5,7.5,7.5,1.5,1.5,1.5,1.5,1.5,1.5
28,"DRG2,DRG8",0.0,9.5,0.0,9.5,9.5,9.5,9.5,0.0,1.5,1.5,1.5,1.5,1.5,0.0,0.0,0.0,5.5,5.5,5.5,0.5,1.0,1.0,1.0,1.0,1.0
29,"DRG2,DRG9",0.0,7.5,0.0,7.5,7.5,7.5,7.5,1.5,1.5,1.5,1.5,1.5,1.5,1.5,3.5,3.5,7.5,7.5,7.5,1.5,1.5,1.5,1.5,1.5,1.5
30,"DRG2,DRG10",0.0,3.5,0.0,3.5,3.5,3.5,3.5,1.5,1.5,1.5,1.5,1.5,1.5,3.5,3.5,3.5,1.5,7.5,7.5,1.5,1.5,1.5,1.5,1.5,1.5
31,"DRG2,DRG11",0.0,7.0,0.0,7.0,7.0,7.0,7.0,1.5,1.5,1.5,1.5,1.5,1.5,3.5,3.5,3.5,7.5,7.5,7.5,1.5,1.5,1.5,1.5,1.5,1.5
32,"DRG2,DRG12",0.0,7.5,0.0,7.5,7.5,7.5,7.5,1.5,1.5,1.5,1.5,1.5,1.5,1.5,1.5,3.5,7.5,7.5,7.5,1.5,1.5,1.5,1.5,1.5,1.5
33,"DRG2,DRG13",0.0,3.5,0.0,3.5,3.5,3.5,3.5,1.5,1.5,1.5,1.5,1.5,1.5,3.5,3.5,3.5,1.5,1.5,7.5,1.5,1.5,1.5,1.5,1.5,1.5
34,"DRG2,DRG14",0.0,7.0,0.0,7.0,7.0,7.0,7.0,0.0,0.0,0.0,0.0,1.5,1.5,0.0,0.0,0.0,5.5,5.5,5.5,0.5,1.0,1.0,1.0,1.0,1.0
35,"DRG2,DRG15",0.0,7.5,0.0,7.5,7.5,7.5,7.5,1.5,1.5,1.5,1.5,1.5,1.5,1.5,1.5,1.5,7.5,7.5,7.5,1.5,1.5,1.5,1.5,1.5,1.5
36,"DRG2,DRG16",0.0,3.5,0.0,3.5,3.5,3.5,3.5,1.5,1.5,1.5,1.5,1.5,1.5,3.5,3.5,3.5,1.5,1.5,1.5,1.5,1.5,1.5,1.5,1.5,1.5
37,"DRG2,DRG17",0.0,7.0,0.0,7.0,7.0,7.0,7.0,0.0,0.0,0.0,0.0,0.0,1.5,0.0,0.0,0.0,5.5,5.5,5.5,0.5,1.0,1.0,1.0,1.0,1.0
38,"DRG2,DRG18",0.0,7.0,0.0,7.0,7.0,7.0,7.0,1.0,1.0,1.0,1.0,1.0,1.0,2.5,2.5,2.5,5.5,5.5,5.5,1.5,1.0,1.0,1.0,1.0,1.0
39,"DRG2,DRG19",1.0,9.5,1.0,9.5,9.5,9.5,9.5,1.5,1.5,1.5,1.5,1.5,1.5,3.5,3.5,3.5,7.5,7.5,7.5,1.5,1.5,1.5,1.5,1.5,1.5
40,"DRG2,DRG20",0.5,9.5,0.5,9.5,9.5,9.5,9.5,1.5,1.5,1.5,1.5,1.5,1.5,3.5,3.5,3.5,7.5,7.5,7.5,1.5,1.5,1.5,1.5,1.5,1.5
41,"DRG2,DRG21",0.0,9.5,0.0,9.5,9.5,9.5,9.5,1.5,1.5,1.5,1.5,1.5,1.5,3.5,3.5,3.5,7.5,7.5,7.5,1.5,1.5,1.5,1.5,1.5,1.5
42,"DRG2,DRG22",0.0,9.5,0.0,9.5,9.5,9.5,9.5,1.5,1.5,1.5,1.5,1.5,1.5,3.5,3.5,3.5,7.5,7.5,7.5,1.5,1.5,1.5,1.5,1.5,1.5
43,"DRG2,DRG23",0.0,3.5,0.0,3.5,3.5,3.5,3.5,1.5,1.5,1.5,1.5,1.5,1.5,1.5,1.5,1.5,3.5,3.5,3.5,1.5,1.5,1.5,1.5,1.5,1.5
44,"DRG2,DRG24",1.0,9.5,1.0,9.5,9.5,9.5,9.5,1.5,1.5,1.5,1.5,1.5,1.5,3.5,3.5,3.5,7.5,7.5,7.5,1.5,1.5,1.5,1.5,1.5,1.5
45,"DRG3,DRG4",0.0,9.5,9.5,0.0,0.0,9.5,9.5,1.5,1.5,1.5,1.5,1.5,1.5,3.5,3.5,3.5,7.5,7.5,7.5,1.5,1.5,1.5,1.5,1.5,1.5
46,"DRG3,DRG5",0.0,0.0,0.0,0.0,1.5,0.0,9.5,1.5,1.5,1.5,1.5,1.5,1.5,3.5,3.5,3.5,7.5,7.5,7.5,1.5,1.5,1.5,1.5,1.5,1.5
47,"DRG3,DRG6",0.0,9.5,9.5,0.0,9.5,9.5,9.5,1.5,1.5,1.5,1.5,1.5,1.5,3.5,3.5,3.5,7.5,7.5,7.5,1.5,1.5,1.5,1.5,1.5,1.5
48,"DRG3,DRG7",0.0,0.0,0.0,0.0,1.5,0.0,0.0,1.5,1.5,1.5,1.5,1.5,1.5,3.5,3.5,3.5,7.5,7.5,7.5,1.5,1.5,1.5,1.5,1.5,1.5
49,"DRG3,DRG8",0.0,9.5,9.5,0.0,9.5,9.5,9.5,0.0,1.5,1.5,1.5,1.5,1.5,0.0,0.0,0.0,5.5,5.5,5.5,0.5,1.0,1.0,1.0,1.0,1.0
50,"DRG3,DRG9",0.0,7.5,7.5,0.0,7.5,7.5,7.5,1.5,1.5,1.5,1.5,1.5,1.5,1.5,3.5,3.5,7.5,7.5,7.5,1.5,1.5,1.5,1.5,1.5,1.5
51,"DRG3,DRG10",0.0,3.5,3.5,0.0,3.5,3.5,3.5,1.5,1.5,1.5,1.5,1.5,1.5,3.5,3.5,3.5,1.5,7.5,7.5,1.5,1.5,1.5,1.5,1.5,1.5
52,"DRG3,DRG11",0.0,7.0,7.0,0.0,7.0,7.0,7.0,1.5,1.5,1.5,1.5,1.5,1.5,3.5,3.5,3.5,7.5,7.5,7.5,1.5,1.5,1.5,1.5,1.5,1.5
53,"DRG3,DRG12",0.0,7.5,7.5,0.0,7.5,7.5,7.5,1.5,1.5,1.5,1.5,1.5,1.5,1.5,1.5,3.5,7.5,7.5,7.5,1.5,1.5,1.5,1.5,1.5,1.5
54,"DRG3,DRG13",0.0,3.5,3.5,0.0,3.5,3.5,3.5,1.5,1.5,1.5,1.5,1.5,1.5,3.5,3.5,3.5,1.5,1.5,7.5,1.5,1.5,1.5,1.5,1.5,1.5
55,"DRG3,DRG14",0.0,7.0,7.0,0.0,7.0,7.0,7.0,0.0,0.0,0.0,0.0,1.5,1.5,0.0,0.0,0.0,5.5,5.5,5.5,0.5,1.0,1.0,1.0,1.0,1.0
56,"DRG3,DRG15",0.0,7.5,7.5,0.0,7.5,7.5,7.5,1.5,1.5,1.5,1.5,1.5,1.5,1.5,1.5,1.5,7.5,7.5,7.5,1.5,1.5,1.5,1.5,1.5,1.5
57,"DRG3,DRG16",0.0,3.5,3.5,0.0,3.5,3.5,3.5,1.5,1.5,1.5,1.5,1.5,1.5,3.5,3.5,3.5,1.5,1.5,1.5,1.5,1.5,1.5,1.5,1.5,1.5
58,"DRG3,DRG17",0.0,7.0,7.0,0.0,7.0,7.0,7.0,0.0,0.0,0.0,0.0,0.0,1.5,0.0,0.0,0.0,5.5,5.5,5.5,0.5,1.0,1.0,1.0,1.0,1.0
59,"DRG3,DRG18",0.0,7.0,7.0,0.0,7.0,7.0,7.0,1.0,1.0,1.0,1.0,1.0,1.0,2.5,2.5,2.5,5.5,5.5,5.5,1.5,1.0,1.0,1.0,1.0,1.0
60,"DRG3,DRG19",1.0,9.5,9.5,1.0,9.5,9.5,9.5,1.5,1.5,1.5,1.5,1.5,1.5,3.5,3.5,3.5,7.5,7.5,7.5,1.5,1.5,1.5,1.5,1.5,1.5
61,"DRG3,DRG20",0.5,9.5,9.5,0.5,9.5,9.5,9.5,1.5,1.5,1.5,1.5,1.5,1.5,3.5,3.5,3.5,7.5,7.5,7.5,1.5,1.5,1.5,1.5,1.5,1.5
62,"DRG3,DRG21",0.0,9.5,9.5,0.0,9.5,9.5,9.5,1.5,1.5,1.5,1.5,1.5,1.5,3.5,3.5,3.5,7.5,7.5,7.5,1.5,1.5,1.5,1.5,1.5,1.5
63,"DRG3,DRG22",0.0,9.5,9.5,0.0,9.5,9.5,9.5,1.5,1.5,1.5,1.5,1.5,1.5,3.5,3.5,3.5,7.5,7.5,7.5,1.5,1.5,1.5,1.5,1.5,1.5
64,"DRG3,DRG23",0.0,3.5,3.5,0.0,3.5,3.5,3.5,1.5,1.5,1.5,1.5,1.5,1.5,1.5,1.5,1.5,3.5,3.5,3.5,1.5,1.5,1.5,1.5,1.5,1.5
65,"DRG3,DRG24",1.0,9.5,9.5,1.0,9.5,9.5,9.5,1.5,1.5,1.5,1.5,1.5,1.5,3.5,3.5,3.5,7.5,7.5,7.5,1.5,1.5,1.5,1.5,1.5,1.5
66,"DRG4,DRG5",0.0,0.0,0.0,1.5,0.0,0.0,9.5,1.5,1.5,1.5,1.5,1.5,1.5,3.5,3.5,3.5,7.5,7.5,7.5,1.5,1.5,1.5,1.5,1.5,1.5
67,"DRG4,DRG6",0.0,9.5,9.5,9.5,0.0,9.5,9.5,1.5,1.5,1.5,1.5,1.5,1.5,3.5,3.5,3.5,7.5,7.5,7.5,1.5,1.5,1.5,1.5,1.5,1.5
68,"DRG4,DRG7",0.0,0.0,0.0,1.5,0.0,0.0,0.0,1.5,1.5,1.5,1.5,1.5,1.5,3.5,3.5,3.5,7.5,7.5,7.5,1.5,1.5,1.5,1.5,1.5,1.5
69,"DRG4,DRG8",0.0,9.5,9.5,9.5,0.0,9.5,9.5,0.0,1.5,1.5,1.5,1.5,1.5,0.0,0.0,0.0,5.5,5.5,5.5,0.5,1.0,1.0,1.0,1.0,1.0
70,"DRG4,DRG9",0.0,7.5,7.5,7.5,0.0,7.5,7.5,1.5,1.5,1.5,1.5,1.5,1.5,1.5,3.5,3.5,7.5,7.5,7.5,1.5,1.5,1.5,1.5,1.5,1.5
71,"DRG4,DRG10",0.0,3.5,3.5,3.5,0.0,3.5,3.5,1.5,1.5,1.5,1.5,1.5,1.5,3.5,3.5,3.5,1.5,7.5,7.5,1.5,1.5,1.5,1.5,1.5,1.5
72,"DRG4,DRG11",0.0,7.0,7.0,7.0,0.0,7.0,7.0,1.5,1.5,1.5,1.5,1.5,1.5,3.5,3.5,3.5,7.5,7.5,7.5,1.5,1.5,1.5,1.5,1.5,1.5
73,"DRG4,DRG12",0.0,7.5,7.5,7.5,0.0,7.5,7.5,1.5,1.5,1.5,1.5,1.5,1.5,1.5,1.5,3.5,7.5,7.5,7.5,1.5,1.5,1.5,1.5,1.5,1.5
74,"DRG4,DRG13",0.0,3.5,3.5,3.5,0.0,3.5,3.5,1.5,1.5,1.5,1.5,1.5,1.5,3.5,3.5,3.5,1.5,1.5,7.5,1.5,1.5,1.5,1.5,1.5,1.5
75,"DRG4,DRG14",0.0,7.0,7.0,7.0,0.0,7.0,7.0,0.0,0.0,0.0,0.0,1.5,1.5,0.0,0.0,0.0,5.5,5.5,5.5,0.5,1.0,1.0,1.0,1.0,1.0
76,"DRG4,DRG15",0.0,7.5,7.5,7.5,0.0,7.5,7.5,1.5,1.5,1.5,1.5,1.5,1.5,1.5,1.5,1.5,7.5,7.5,7.5,1.5,1.5,1.5,1.5,1.5,1.5
77,"DRG4,DRG16",0.0,3.5,3.5,3.5,0.0,3.5,3.5,1.5,1.5,1.5,1.5,1.5,1.5,3.5,3.5,3.5,1.5,1.5,1.5,1.5,1.5,1.5,1.5,1.5,1.5
78,"DRG4,DRG17",0.0,7.0,7.0,7.0,0.0,7.0,7.0,0.0,0.0,0.0,0.0,0.0,1.5,0.0,0.0,0.0,5.5,5.5,5.5,0.5,1.0,1.0,1.0,1.0,1.0
79,"DRG4,DRG18",0.0,7.0,7.0,7.0,0.0,7.0,7.0,1.0,1.0,1.0,1.0,1.0,1.0,2.5,2.5,2.5,5.5,5.5,5.5,1.5,1.0,1.0,1.0,1.0,1.0
80,"DRG4,DRG19",1.0,9.5,9.5,9.5,1.0,9.5,9.5,1.5,1.5,1.5,1.5,1.5,1.5,3.5,3.5,3.5,7.5,7.5,7.5,1.5,1.5,1.5,1.5,1.5,1.5
81,"DRG4,DRG20",0.5,9.5,9.5,9.5,0.5,9.5,9.5,1.5,1.5,1.5,1.5,1.5,1.5,3.5,3.5,3.5,7.5,7.5,7.5,1.5,1.5,1.5,1.5,1.5,1.5
82,"DRG4,DRG21",0.0,9.5,9.5,9.5,0.0,9.5,9.5,1.5,1.5,1.5,1.5,1.5,1.5,3.5,3.5,3.5,7.5,7.5,7.5,1.5,1.5,1.5,1.5,1.5,1.5
83,"DRG4,DRG22",0.0,9.5,9.5,9.5,0.0,9.5,9.5,1.5,1.5,1.5,1.5,1.5,1.5,3.5,3.5,3.5,7.5,7.5,7.5,1.5,1.5,1.5,1.5,1.5,1.5
84,"DRG4,DRG23",0.0,3.5,3.5,3.5,0.0,3.5,3.5,1.5,1.5,1.5,1.5,1.5,1.5,1.5,1.5,1.5,3.5,3.5,3.5,1.5,1.5,1.5,1.5,1.5,1.5
85,"DRG4,DRG24",1.0,9.5,9.5,9.5,1.0,9.5,9.5,1.5,1.5,1.5,1.5,1.5,1.5,3.5,3.5,3.5,7.5,7.5,7.5,1.5,1.5,1.5,1.5,1.5,1.5
86,"DRG5,DRG6",0.0,0.0,0.0,0.0,1.5,0.0,9.5,1.5,1.5,1.5,1.5,1.5,1.5,3.5,3.5,3.5,7.5,7.5,7.5,1.5,1.5,1.5,1.5,1.5,1.5
87,"DRG5,DRG7",0.0,0.0,0.0,1.5,1.5,0.0,0.0,1.5,1.5,1.5,1.5,1.5,1.5,3.5,3.5,3.5,7.5,7.5,7.5,1.5,1.5,1.5,1.5,1.5,1.5
88,"DRG5,DRG8",0.0,0.0,0.0,1.5,1.5,0.0,9.5,0.0,1.5,1.5,1.5,1.5,1.5,0.0,0.0,0.0,5.5,5.5,5.5,0.5,1.0,1.0,1.0,1.0,1.0
89,"DRG5,DRG9",0.0,0.0,0.0,1.5,1.5,0.0,7.5,1.5,1.5,1.5,1.5,1.5,1.5,1.5,3.5,3.5,7.5,7.5,7.5,1.5,1.5,1.5,1.5,1.5,1.5
90,"DRG5,DRG10",0.0,0.0,0.0,1.5,1.5,0.0,3.5,1.5,1.5,1.5,1.5,1.5,1.5,3.5,3.5,3.5,1.5,7.5,7.5,1.5,1.5,1.5,1.5,1.5,1.5
91,"DRG5,DRG11",0.0,0.0,0.0,0.0,0.0,0.0,7.0,1.5,1.5,1.5,1.5,1.5,1.5,3.5,3.5,3.5,7.5,7.5,7.5,1.5,1.5,1.5,1.5,1.5,1.5
92,"DRG5,DRG12",0.0,0.0,0.0,1.5,1.5,0.0,7.5,1.5,1.5,1.5,1.5,1.5,1.5,1.5,1.5,3.5,7.5,7.5,7.5,1.5,1.5,1.5,1.5,1.5,1.5
93,"DRG5,DRG13",0.0,0.0,0.0,1.5,1.5,0.0,3.5,1.5,1.5,1.5,1.5,1.5,1.5,3.5,3.5,3.5,1.5,1.5,7.5,1.5,1.5,1.5,1.5,1.5,1.5
94,"DRG5,DRG14",0.0,0.0,0.0,0.0,0.0,0.0,7.0,0.0,0.0,0.0,0.0,1.5,1.5,0.0,0.0,0.0,5.5,5.5,5.5,0.5,1.0,1.0,1.0,1.0,1.0
95,"DRG5,DRG15",0.0,0.0,0.0,1.5,1.5,0.0,7.5,1.5,1.5,1.5,1.5,1.5,1.5,1.5,1.5,1.5,7.5,7.5,7.5,1.5,1.5,1.5,1.5,1.5,1.5
96,"DRG5,DRG16",0.0,0.0,0.0,1.5,1.5,0.0,3.5,1.5,1.5,1.5,1.5,1.5,1.5,3.5,3.5,3.5,1.5,1.5,1.5,1.5,1.5,1.5,1.5,1.5,1.5
97,"DRG5,DRG17",0.0,0.0,0.0,0.0,0.0,0.0,7.0,0.0,0.0,0.0,0.0,0.0,1.5,0.0,0.0,0.0,5.5,5.5,5.5,0.5,1.0,1.0,1.0,1.0,1.0
98,"DRG5,DRG18",0.0,0.0,0.0,1.0,1.0,0.0,7.0,1.0,1.0,1.0,1.0,1.0,1.0,2.5,2.5,2.5,5.5,5.5,5.5,1.5,1.0,1.0,1.0,1.0,1.0
99,"DRG5,DRG19",1.0,1.0,1.0,1.5,1.5,1.0,9.5,1.5,1.5,1.5,1.5,1.5,1.5,3.5,3.5,3.5,7.5,7.5,7.5,1.5,1.5,1.5,1.5,1.5,1.5
100,"DRG5,DRG20",0.5,0.5,0.5,1.5,1.5,0.5,9.5,1.5,1.5,1.5,1.5,1.5,1.5,3.5,3.5,3.5,7.5,7.5,7.5,1.5,1.5,1.5,1.5,1.5,1.5
101,"DRG5,DRG21",0.0,0.0,0.0,1.5,1.5,0.0,9.5,1.5,1.5,1.5,1.5,1.5,1.5,3.5,3.5,3.5,7.5,7.5,7.5,1.5,1.5,1.5,1.5,1.5,1.5
102,"DRG5,DRG22",0.0,0.0,0.0,1.5,1.5,0.0,9.5,1.5,1.5,1.5,1.5,1.5,1.5,3.5,3.5,3.5,7.5,7.5,7.5,1.5,1.5,1.5,1.5,1.5,1.5
103,"DRG5,DRG23",0.0,0.0,0.0,1.5,1.5,0.0,3.5,1.5,1.5,1.5,1.5,1.5,1.5,1.5,1.5,1.5,3.5,3.5,3.5,1.5,1.5,1.5,1.5,1.5,1.5
104,"DRG5,DRG24",1.0,1.0,1.0,1.5,1.5,1.0,9.5,1.5,1.5,1.5,1.5,1.5,1.5,3.5,3.5,3.5,7.5,7.5,7.5,1.5,1.5,1.5,1.5,1.5,1.5
105,"DRG6,DRG7",0.0,0.0,0.0,0.0,1.5,0.0,0.0,1.5,1.5,1.5,1.5,1.5,1.5,3.5,3.5,3.5,7.5,7.5,7.5,1.5,1.5,1.5,1.5,1.5,1.5
106,"DRG6,DRG8",0.0,9.5,9.5,9.5,9.5,9.5,9.5,0.0,0.0,1.5,1.5,1.5,1.5,0.0,0.0,0.0,5.5,5.5,5.5,0.5,1.0,1.0,1.0,1.0,1.0
107,"DRG6,DRG9",0.0,7.5,7.5,7.5,7.5,7.5,7.5,1.5,1.5,1.5,1.5,1.5,1.5,1.5,3.5,3.5,7.5,7.5,7.5,1.5,1.5,1.5,1.5,1.5,1.5
108,"DRG6,DRG10",0.0,3.5,3.5,3.5,3.5,3.5,3.5,1.5,1.5,1.5,1.5,1.5,1.5,3.5,3.5,3.5,1.5,7.5,7.5,1.5,1.5,1.5,1.5,1.5,1.5
109,"DRG6,DRG11",0.0,7.0,7.0,7.0,7.0,7.0,7.0,1.5,1.5,1.5,1.5,1.5,1.5,3.5,3.5,3.5,7.5,7.5,7.5,1.5,1.5,1.5,1.5,1.5,1.5
110,"DRG6,DRG12",0.0,7.5,7.5,7.5,7.5,7.5,7.5,1.5,1.5,1.5,1.5,1.5,1.5,1.5,1.5,3.5,7.5,7.5,7.5,1.5,1.5,1.5,1.5,1.5,1.5
111,"DRG6,DRG13",0.0,3.5,3.5,3.5,3.5,3.5,3.5,1.5,1.5,1.5,1.5,1.5,1.5,3.5,3.5,3.5,1.5,1.5,7.5,1.5,1.5,1.5,1.5,1.5,1.5
112,"DRG6,DRG14",0.0,7.0,7.0,7.0,7.0,7.0,7.0,0.0,0.0,0.0,0.0,1.5,1.5,0.0,0.0,0.0,5.5,5.5,5.5,0.5,1.0,1.0,1.0,1.0,1.0
113,"DRG6,DRG15",0.0,7.5,7.5,7.5,7.5,7.5,7.5,1.5,1.5,1.5,1.5,1.5,1.5,1.5,1.5,1.5,7.5,7.5,7.5,1.5,1.5,1.5,1.5,1.5,1.5
114,"DRG6,DRG16",0.0,3.5,3.5,3.5,3.5,3.5,3.5,1.5,1.5,1.5,1.5,1.5,1.5,3.5,3.5,3.5,1.5,1.5,1.5,1.5,1.5,1.5,1.5,1.5,1.5
115,"DRG6,DRG17",0.0,7.0,7.0,7.0,7.0,7.0,7.0,0.0,0.0,0.0,0.0,0.0,1.5,0.0,0.0,0.0,5.5,5.5,5.5,0.5,1.0,1.0,1.0,1.0,1.0
116,"DRG6,DRG18",0.0,7.0,7.0,7.0,7.0,7.0,7.0,1.0,1.0,1.0,1.0,1.0,1.0,2.5,2.5,2.5,5.5,5.5,5.5,1.5,1.0,1.0,1.0,1.0,1.0
117,"DRG6,DRG19",1.0,9.5,9.5,9.5,9.5,9.5,9.5,1.5,1.5,1.5,1.5,1.5,1.5,3.5,3.5,3.5,7.5,7.5,7.5,1.5,1.5,1.5,1.5,1.5,1.5
118,"DRG6,DRG20",0.5,9.5,9.5,9.5,9.5,9.5,9.5,1.5,1.5,1.5,1.5,1.5,1.5,3.5,3.5,3.5,7.5,7.5,7.5,1.5,1.5,1.5,1.5,1.5,1.5
119,"DRG6,DRG21",0.0,9.5,9.5,9.5,9.5,9.5,9.5,1.5,1.5,1.5,1.5,1.5,1.5,3.5,3.5,3.5,7.5,7.5,7.5,1.5,1.5,1.5,1.5,1.5,1.5
120,"DRG6,DRG22",0.0,9.5,9.5,9.5,9.5,9.5,9.5,1.5,1.5,1.5,1.5,1.5,1.5,3.5,3.5,3.5,7.5,7.5,7.5,1.5,1.5,1.5,1.5,1.5,1.5
121,"DRG6,DRG23",0.0,3.5,3.5,3.5,3.5,3.5,3.5,1.5,1.5,1.5,1.5,1.5,1.5,1.5,1.5,1.5,3.5,3.5,3.5,1.5,1.5,1.5,1.5,1.5,1.5
122,"DRG6,DRG24",1.0,9.5,9.5,9.5,9.5,9.5,9.5,1.5,1.5,1.5,1.5,1.5,1.5,3.5,3.5,3.5,7.5,7.5,7.5,1.5,1.5,1.5,1.5,1.5,1.5
123,"DRG7,DRG8",0.0,0.0,0.0,1.5,1.5,0.0,0.0,0.0,1.5,1.5,1.5,1.5,1.5,0.0,0.0,0.0,5.5,5.5,5.5,0.5,1.0,1.0,1.0,1.0,1.0
124,"DRG7,DRG9",0.0,0.0,0.0,1.5,1.5,0.0,0.0,1.5,1.5,1.5,1.5,1.5,1.5,1.5,3.5,3.5,7.5,7.5,7.5,1.5,1.5,1.5,1.5,1.5,1.5
125,"DRG7,DRG10",0.0,0.0,0.0,1.5,1.5,0.0,0.0,1.5,1.5,1.5,1.5,1.5,1.5,3.5,3.5,3.5,1.5,7.5,7.5,1.5,1.5,1.5,1.5,1.5,1.5
126,"DRG7,DRG11",0.0,0.0,0.0,0.0,0.0,0.0,0.0,1.5,1.5,1.5,1.5,1.5,1.5,3.5,3.5,3.5,7.5,7.5,7.5,1.5,1.5,1.5,1.5,1.5,1.5
127,"DRG7,DRG12",0.0,0.0,0.0,1.5,1.5,0.0,0.0,1.5,1.5,1.5,1.5,1.5,1.5,1.5,1.5,3.5,7.5,7.5,7.5,1.5,1.5,1.5,1.5,1.5,1.5
128,"DRG7,DRG13",0.0,0.0,0.0,1.5,1.5,0.0,0.0,1.5,1.5,1.5,1.5,1.5,1.5,3.5,3.5,3.5,1.5,1.5,7.5,1.5,1.5,1.5,1.5,1.5,1.5
129,"DRG7,DRG14",0.0,0.0,0.0,0.0,0.0,0.0,0.0,0.0,0.0,0.0,0.0,1.5,1.5,0.0,0.0,0.0,5.5,5.5,5.5,0.5,1.0,1.0,1.0,1.0,1.0
130,"DRG7,DRG15",0.0,0.0,0.0,1.5,1.5,0.0,0.0,1.5,1.5,1.5,1.5,1.5,1.5,1.5,1.5,1.5,7.5,7.5,7.5,1.5,1.5,1.5,1.5,1.5,1.5
131,"DRG7,DRG16",0.0,0.0,0.0,1.5,1.5,0.0,0.0,1.5,1.5,1.5,1.5,1.5,1.5,3.5,3.5,3.5,1.5,1.5,1.5,1.5,1.5,1.5,1.5,1.5,1.5
132,"DRG7,DRG17",0.0,0.0,0.0,0.0,0.0,0.0,0.0,0.0,0.0,0.0,0.0,0.0,1.5,0.0,0.0,0.0,5.5,5.5,5.5,0.5,1.0,1.0,1.0,1.0,1.0
133,"DRG7,DRG18",0.0,0.0,0.0,1.0,1.0,0.0,0.0,1.0,1.0,1.0,1.0,1.0,1.0,2.5,2.5,2.5,5.5,5.5,5.5,1.5,1.0,1.0,1.0,1.0,1.0
134,"DRG7,DRG19",1.0,1.0,1.0,1.5,1.5,1.0,1.0,1.5,1.5,1.5,1.5,1.5,1.5,3.5,3.5,3.5,7.5,7.5,7.5,1.5,1.5,1.5,1.5,1.5,1.5
135,"DRG7,DRG20",0.5,0.5,0.5,1.5,1.5,0.5,0.5,1.5,1.5,1.5,1.5,1.5,1.5,3.5,3.5,3.5,7.5,7.5,7.5,1.5,1.5,1.5,1.5,1.5,1.5
136,"DRG7,DRG21",0.0,0.0,0.0,1.5,1.5,0.0,0.0,1.5,1.5,1.5,1.5,1.5,1.5,3.5,3.5,3.5,7.5,7.5,7.5,1.5,1.5,1.5,1.5,1.5,1.5
137,"DRG7,DRG22",0.0,0.0,0.0,1.5,1.5,0.0,0.0,1.5,1.5,1.5,1.5,1.5,1.5,3.5,3.5,3.5,7.5,7.5,7.5,1.5,1.5,1.5,1.5,1.5,1.5
138,"DRG7,DRG23",0.0,0.0,0.0,1.5,1.5,0.0,0.0,1.5,1.5,1.5,1.5,1.5,1.5,1.5,1.5,1.5,3.5,3.5,3.5,1.5,1.5,1.5,1.5,1.5,1.5
139,"DRG7,DRG24",1.0,1.0,1.0,1.5,1.5,1.0,1.0,1.5,1.5,1.5,1.5,1.5,1.5,3.5,3.5,3.5,7.5,7.5,7.5,1.5,1.5,1.5,1.5,1.5,1.5
140,"DRG8,DRG9",0.0,7.5,7.5,7.5,7.5,7.5,7.5,0.0,1.5,1.5,1.5,1.5,1.5,0.0,0.0,0.0,5.5,5.5,5.5,0.5,1.0,1.0,1.0,1.0,1.0
141,"DRG8,DRG10",0.0,3.5,3.5,3.5,3.5,3.5,3.5,0.0,1.5,1.5,1.5,1.5,1.5,0.0,0.0,0.0,0.0,5.5,5.5,0.5,1.0,1.0,1.0,1.0,1.0
142,"DRG8,DRG11",0.0,7.0,7.0,7.0,7.0,7.0,7.0,0.0,0.0,0.0,1.5,1.5,1.5,0.0,0.0,0.0,5.5,5.5,5.5,0.5,1.0,1.0,1.0,1.0,1.0
143,"DRG8,DRG12",0.0,7.5,7.5,7.5,7.5,7.5,7.5,0.0,1.5,1.5,1.5,1.5,1.5,0.0,0.0,0.0,5.5,5.5,5.5,0.5,1.0,1.0,1.0,1.0,1.0
144,"DRG8,DRG13",0.0,3.5,3.5,3.5,3.5,3.5,3.5,0.0,1.5,1.5,1.5,1.5,1.5,0.0,0.0,0.0,0.0,0.0,5.5,0.5,1.0,1.0,1.0,1.0,1.0
145,"DRG8,DRG14",0.0,7.0,7.0,7.0,7.0,7.0,7.0,0.0,0.0,0.0,0.0,1.5,1.5,0.0,0.0,0.0,5.5,5.5,5.5,0.5,1.0,1.0,1.0,1.0,1.0
146,"DRG8,DRG15",0.0,7.5,7.5,7.5,7.5,7.5,7.5,0.0,1.5,1.5,1.5,1.5,1.5,0.0,0.0,0.0,5.5,5.5,5.5,0.5,1.0,1.0,1.0,1.0,1.0
147,"DRG8,DRG16",0.0,3.5,3.5,3.5,3.5,3.5,3.5,0.0,1.5,1.5,1.5,1.5,1.5,0.0,0.0,0.0,0.0,0.0,0.0,0.5,1.0,1.0,1.0,1.0,1.0
148,"DRG8,DRG17",0.0,7.0,7.0,7.0,7.0,7.0,7.0,0.0,0.0,0.0,0.0,0.0,1.5,0.0,0.0,0.0,5.5,5.5,5.5,0.5,1.0,1.0,1.0,1.0,1.0
149,"DRG8,DRG18",0.0,7.0,7.0,7.0,7.0,7.0,7.0,0.0,1.0,1.0,1.0,1.0,0.0,0.0,0.0,0.0,5.5,5.5,5.5,0.5,1.0,1.0,1.0,1.0,1.0
150,"DRG8,DRG19",1.0,9.5,9.5,9.5,9.5,9.5,9.5,1.0,1.5,1.5,1.5,1.5,1.5,2.5,2.5,2.5,5.5,5.5,5.5,1.5,1.0,1.0,1.0,1.0,1.0
151,"DRG8,DRG20",0.5,9.5,9.5,9.5,9.5,9.5,9.5,0.5,1.5,1.5,1.5,1.5,1.5,0.5,0.5,0.5,7.5,7.5,7.5,0.5,1.5,1.5,1.5,1.5,1.5
152,"DRG8,DRG21",0.0,9.5,9.5,9.5,9.5,9.5,9.5,0.0,1.5,1.5,1.5,1.5,1.5,0.0,0.0,0.0,5.5,5.5,5.5,0.5,0.0,0.0,1.0,1.0,1.0
153,"DRG8,DRG22",0.0,9.5,9.5,9.5,9.5,9.5,9.5,0.0,1.5,1.5,1.5,1.5,1.5,0.0,0.0,0.0,5.5,5.5,5.5,0.5,0.0,0.0,0.0,1.0,1.0
154,"DRG8,DRG23",0.0,3.5,3.5,3.5,3.5,3.5,3.5,0.0,1.5,1.5,1.5,1.5,1.5,0.0,0.0,0.0,0.5,0.5,0.5,0.5,0.0,0.0,0.0,0.0,1.0
155,"DRG8,DRG24",1.0,9.5,9.5,9.5,9.5,9.5,9.5,1.0,1.5,1.5,1.5,1.5,1.5,1.0,1.0,1.0,5.5,5.5,5.5,1.5,1.0,1.0,1.0,1.0,1.0
156,"DRG9,DRG10",0.0,1.5,1.5,1.5,1.5,1.5,1.5,1.5,1.5,1.5,1.5,1.5,1.5,1.5,3.5,3.5,1.5,7.5,7.5,1.5,1.5,1.5,1.5,1.5,1.5
157,"DRG9,DRG11",0.0,5.5,5.5,5.5,5.5,5.5,5.5,1.5,1.5,1.5,1.5,1.5,1.5,1.5,3.5,3.5,7.5,7.5,7.5,1.5,1.5,1.5,1.5,1.5,1.5
158,"DRG9,DRG12",0.0,7.5,7.5,7.5,7.5,7.5,7.5,1.5,1.5,1.5,1.5,1.5,1.5,1.5,1.5,3.5,7.5,7.5,7.5,1.5,1.5,1.5,1.5,1.5,1.5
159,"DRG9,DRG13",0.0,1.5,1.5,1.5,1.5,1.5,1.5,1.5,1.5,1.5,1.5,1.5,1.5,1.5,3.5,3.5,1.5,1.5,7.5,1.5,1.5,1.5,1.5,1.5,1.5
160,"DRG9,DRG14",0.0,5.5,5.5,5.5,5.5,5.5,5.5,0.0,0.0,0.0,0.0,1.5,1.5,0.0,0.0,0.0,5.5,5.5,5.5,0.5,1.0,1.0,1.0,1.0,1.0
161,"DRG9,DRG15",0.0,7.5,7.5,7.5,7.5,7.5,7.5,1.5,1.5,1.5,1.5,1.5,1.5,1.5,1.5,1.5,7.5,7.5,7.5,1.5,1.5,1.5,1.5,1.5,1.5
162,"DRG9,DRG16",0.0,1.5,1.5,1.5,1.5,1.5,1.5,1.5,1.5,1.5,1.5,1.5,1.5,1.5,3.5,3.5,1.5,1.5,1.5,1.5,1.5,1.5,1.5,1.5,1.5
163,"DRG9,DRG17",0.0,5.5,5.5,5.5,5.5,5.5,5.5,0.0,0.0,0.0,0.0,0.0,1.5,0.0,0.0,0.0,5.5,5.5,5.5,0.5,1.0,1.0,1.0,1.0,1.0
164,"DRG9,DRG18",0.0,5.5,5.5,5.5,5.5,5.5,5.5,1.0,1.0,1.0,1.0,1.0,1.0,1.0,2.5,2.5,5.5,5.5,5.5,1.5,1.0,1.0,1.0,1.0,1.0
165,"DRG9,DRG19",1.0,7.5,7.5,7.5,7.5,7.5,7.5,1.5,1.5,1.5,1.5,1.5,1.5,1.5,3.5,3.5,7.5,7.5,7.5,1.5,1.5,1.5,1.5,1.5,1.5
166,"DRG9,DRG20",0.5,7.5,7.5,7.5,7.5,7.5,7.5,1.5,1.5,1.5,1.5,1.5,1.5,1.5,3.5,3.5,7.5,7.5,7.5,1.5,1.5,1.5,1.5,1.5,1.5
167,"DRG9,DRG21",0.0,7.5,7.5,7.5,7.5,7.5,7.5,1.5,1.5,1.5,1.5,1.5,1.5,1.5,3.5,3.5,7.5,7.5,7.5,1.5,1.5,1.5,1.5,1.5,1.5
168,"DRG9,DRG22",0.0,7.5,7.5,7.5,7.5,7.5,7.5,1.5,1.5,1.5,1.5,1.5,1.5,1.5,3.5,3.5,7.5,7.5,7.5,1.5,1.5,1.5,1.5,1.5,1.5
169,"DRG9,DRG23",0.0,3.5,3.5,3.5,3.5,3.5,3.5,1.5,1.5,1.5,1.5,1.5,1.5,1.5,1.5,1.5,3.5,3.5,3.5,1.5,1.5,1.5,1.5,1.5,1.5
170,"DRG9,DRG24",1.0,7.5,7.5,7.5,7.5,7.5,7.5,1.5,1.5,1.5,1.5,1.5,1.5,1.5,3.5,3.5,7.5,7.5,7.5,1.5,1.5,1.5,1.5,1.5,1.5
171,"DRG10,DRG11",0.0,0.0,0.0,0.0,0.0,0.0,0.0,1.5,1.5,1.5,1.5,1.5,1.5,3.5,3.5,3.5,1.5,7.5,7.5,1.5,1.5,1.5,1.5,1.5,1.5
172,"DRG10,DRG12",0.0,1.5,1.5,1.5,1.5,1.5,1.5,1.5,1.5,1.5,1.5,1.5,1.5,1.5,1.5,3.5,1.5,7.5,7.5,1.5,1.5,1.5,1.5,1.5,1.5
173,"DRG10,DRG13",0.0,3.5,3.5,3.5,3.5,3.5,3.5,1.5,1.5,1.5,1.5,1.5,1.5,3.5,3.5,3.5,1.5,1.5,7.5,1.5,1.5,1.5,1.5,1.5,1.5
174,"DRG10,DRG14",0.0,0.0,0.0,0.0,0.0,0.0,0.0,0.0,0.0,0.0,0.0,1.5,1.5,0.0,0.0,0.0,0.0,5.5,5.5,0.5,1.0,1.0,1.0,1.0,1.0
175,"DRG10,DRG15",0.0,1.5,1.5,1.5,1.5,1.5,1.5,1.5,1.5,1.5,1.5,1.5,1.5,1.5,1.5,1.5,1.5,7.5,7.5,1.5,1.5,1.5,1.5,1.5,1.5
176,"DRG10,DRG16",0.0,3.5,3.5,3.5,3.5,3.5,3.5,1.5,1.5,1.5,1.5,1.5,1.5,3.5,3.5,3.5,1.5,1.5,1.5,1.5,1.5,1.5,1.5,1.5,1.5
177,"DRG10,DRG17",0.0,0.0,0.0,0.0,0.0,0.0,0.0,0.0,0.0,0.0,0.0,0.0,1.5,0.0,0.0,0.0,0.0,5.5,5.5,0.5,1.0,1.0,1.0,1.0,1.0
178,"DRG10,DRG18",0.0,2.5,2.5,2.5,2.5,2.5,2.5,1.0,1.0,1.0,1.0,1.0,1.0,2.5,2.5,2.5,1.0,5.5,5.5,1.5,1.0,1.0,1.0,1.0,1.0
179,"DRG10,DRG19",1.0,3.5,3.5,3.5,3.5,3.5,3.5,1.5,1.5,1.5,1.5,1.5,1.5,3.5,3.5,3.5,1.5,7.5,7.5,1.5,1.5,1.5,1.5,1.5,1.5
180,"DRG10,DRG20",0.5,3.5,3.5,3.5,3.5,3.5,3.5,1.5,1.5,1.5,1.5,1.5,1.5,3.5,3.5,3.5,1.5,7.5,7.5,1.5,1.5,1.5,1.5,1.5,1.5
181,"DRG10,DRG21",0.0,3.5,3.5,3.5,3.5,3.5,3.5,1.5,1.5,1.5,1.5,1.5,1.5,3.5,3.5,3.5,1.5,7.5,7.5,1.5,1.5,1.5,1.5,1.5,1.5
182,"DRG10,DRG22",0.0,3.5,3.5,3.5,3.5,3.5,3.5,1.5,1.5,1.5,1.5,1.5,1.5,3.5,3.5,3.5,1.5,7.5,7.5,1.5,1.5,1.5,1.5,1.5,1.5
183,"DRG10,DRG23",0.0,1.5,1.5,1.5,1.5,1.5,1.5,1.5,1.5,1.5,1.5,1.5,1.5,1.5,1.5,1.5,1.5,3.5,3.5,1.5,1.5,1.5,1.5,1.5,1.5
184,"DRG10,DRG24",1.0,3.5,3.5,3.5,3.5,3.5,3.5,1.5,1.5,1.5,1.5,1.5,1.5,3.5,3.5,3.5,1.5,7.5,7.5,1.5,1.5,1.5,1.5,1.5,1.5
185,"DRG11,DRG12",0.0,5.5,5.5,5.5,5.5,5.5,5.5,1.5,1.5,1.5,1.5,1.5,1.5,1.5,1.5,3.5,7.5,7.5,7.5,1.5,1.5,1.5,1.5,1.5,1.5
186,"DRG11,DRG13",0.0,0.0,0.0,0.0,0.0,0.0,0.0,1.5,1.5,1.5,1.5,1.5,1.5,3.5,3.5,3.5,1.5,1.5,7.5,1.5,1.5,1.5,1.5,1.5,1.5
187,"DRG11,DRG14",0.0,7.0,7.0,7.0,7.0,7.0,7.0,0.0,0.0,0.0,0.0,1.5,1.5,0.0,0.0,0.0,5.5,5.5,5.5,0.5,1.0,1.0,1.0,1.0,1.0
188,"DRG11,DRG15",0.0,5.5,5.5,5.5,5.5,5.5,5.5,1.5,1.5,1.5,1.5,1.5,1.5,1.5,1.5,1.5,7.5,7.5,7.5,1.5,1.5,1.5,1.5,1.5,1.5
189,"DRG11,DRG16",0.0,0.0,0.0,0.0,0.0,0.0,0.0,1.5,1.5,1.5,1.5,1.5,1.5,3.5,3.5,3.5,1.5,1.5,1.5,1.5,1.5,1.5,1.5,1.5,1.5
190,"DRG11,DRG17",0.0,7.0,7.0,7.0,7.0,7.0,7.0,0.0,0.0,0.0,0.0,0.0,1.5,0.0,0.0,0.0,5.5,5.5,5.5,0.5,1.0,1.0,1.0,1.0,1.0
191,"DRG11,DRG18",0.0,7.0,7.0,7.0,7.0,7.0,7.0,1.0,1.0,1.0,1.0,1.0,1.0,2.5,2.5,2.5,5.5,5.5,5.5,1.5,1.0,1.0,1.0,1.0,1.0
192,"DRG11,DRG19",1.0,7.0,7.0,7.0,7.0,7.0,7.0,1.5,1.5,1.5,1.5,1.5,1.5,3.5,3.5,3.5,7.5,7.5,7.5,1.5,1.5,1.5,1.5,1.5,1.5
193,"DRG11,DRG20",0.5,9.5,9.5,9.5,9.5,9.5,9.5,1.5,1.5,1.5,1.5,1.5,1.5,3.5,3.5,3.5,7.5,7.5,7.5,1.5,1.5,1.5,1.5,1.5,1.5
194,"DRG11,DRG21",0.0,7.0,7.0,7.0,7.0,7.0,7.0,1.5,1.5,1.5,1.5,1.5,1.5,3.5,3.5,3.5,7.5,7.5,7.5,1.5,1.5,1.5,1.5,1.5,1.5
195,"DRG11,DRG22",0.0,7.0,7.0,7.0,7.0,7.0,7.0,1.5,1.5,1.5,1.5,1.5,1.5,3.5,3.5,3.5,7.5,7.5,7.5,1.5,1.5,1.5,1.5,1.5,1.5
196,"DRG11,DRG23",0.0,0.5,0.5,0.5,0.5,0.5,0.5,1.5,1.5,1.5,1.5,1.5,1.5,1.5,1.5,1.5,3.5,3.5,3.5,1.5,1.5,1.5,1.5,1.5,1.5
197,"DRG11,DRG24",1.0,7.0,7.0,7.0,7.0,7.0,7.0,1.5,1.5,1.5,1.5,1.5,1.5,3.5,3.5,3.5,7.5,7.5,7.5,1.5,1.5,1.5,1.5,1.5,1.5
198,"DRG12,DRG13",0.0,1.5,1.5,1.5,1.5,1.5,1.5,1.5,1.5,1.5,1.5,1.5,1.5,1.5,1.5,3.5,1.5,1.5,7.5,1.5,1.5,1.5,1.5,1.5,1.5
199,"DRG12,DRG14",0.0,5.5,5.5,5.5,5.5,5.5,5.5,0.0,0.0,0.0,0.0,1.5,1.5,0.0,0.0,0.0,5.5,5.5,5.5,0.5,1.0,1.0,1.0,1.0,1.0
200,"DRG12,DRG15",0.0,7.5,7.5,7.5,7.5,7.5,7.5,1.5,1.5,1.5,1.5,1.5,1.5,1.5,1.5,1.5,7.5,7.5,7.5,1.5,1.5,1.5,1.5,1.5,1.5
201,"DRG12,DRG16",0.0,1.5,1.5,1.5,1.5,1.5,1.5,1.5,1.5,1.5,1.5,1.5,1.5,1.5,1.5,3.5,1.5,1.5,1.5,1.5,1.5,1.5,1.5,1.5,1.5
202,"DRG12,DRG17",0.0,5.5,5.5,5.5,5.5,5.5,5.5,0.0,0.0,0.0,0.0,0.0,1.5,0.0,0.0,0.0,5.5,5.5,5.5,0.5,1.0,1.0,1.0,1.0,1.0
203,"DRG12,DRG18",0.0,5.5,5.5,5.5,5.5,5.5,5.5,1.0,1.0,1.0,1.0,1.0,1.0,1.0,1.0,2.5,5.5,5.5,5.5,1.5,1.0,1.0,1.0,1.0,1.0
204,"DRG12,DRG19",1.0,7.5,7.5,7.5,7.5,7.5,7.5,1.5,1.5,1.5,1.5,1.5,1.5,1.5,1.5,3.5,7.5,7.5,7.5,1.5,1.5,1.5,1.5,1.5,1.5
205,"DRG12,DRG20",0.5,7.5,7.5,7.5,7.5,7.5,7.5,1.5,1.5,1.5,1.5,1.5,1.5,1.5,1.5,3.5,7.5,7.5,7.5,1.5,1.5,1.5,1.5,1.5,1.5
206,"DRG12,DRG21",0.0,7.5,7.5,7.5,7.5,7.5,7.5,1.5,1.5,1.5,1.5,1.5,1.5,1.5,1.5,3.5,7.5,7.5,7.5,1.5,1.5,1.5,1.5,1.5,1.5
207,"DRG12,DRG22",0.0,7.5,7.5,7.5,7.5,7.5,7.5,1.5,1.5,1.5,1.5,1.5,1.5,1.5,1.5,3.5,7.5,7.5,7.5,1.5,1.5,1.5,1.5,1.5,1.5
208,"DRG12,DRG23",0.0,3.5,3.5,3.5,3.5,3.5,3.5,1.5,1.5,1.5,1.5,1.5,1.5,1.5,1.5,1.5,3.5,3.5,3.5,1.5,1.5,1.5,1.5,1.5,1.5
209,"DRG12,DRG24",1.0,7.5,7.5,7.5,7.5,7.5,7.5,1.5,1.5,1.5,1.5,1.5,1.5,1.5,1.5,3.5,7.5,7.5,7.5,1.5,1.5,1.5,1.5,1.5,1.5
210,"DRG13,DRG14",0.0,0.0,0.0,0.0,0.0,0.0,0.0,0.0,0.0,0.0,0.0,1.5,1.5,0.0,0.0,0.0,0.0,0.0,5.5,0.5,1.0,1.0,1.0,1.0,1.0
211,"DRG13,DRG15",0.0,1.5,1.5,1.5,1.5,1.5,1.5,1.5,1.5,1.5,1.5,1.5,1.5,1.5,1.5,1.5,1.5,1.5,7.5,1.5,1.5,1.5,1.5,1.5,1.5
212,"DRG13,DRG16",0.0,3.5,3.5,3.5,3.5,3.5,3.5,1.5,1.5,1.5,1.5,1.5,1.5,3.5,3.5,3.5,1.5,1.5,1.5,1.5,1.5,1.5,1.5,1.5,1.5
213,"DRG13,DRG17",0.0,0.0,0.0,0.0,0.0,0.0,0.0,0.0,0.0,0.0,0.0,0.0,1.5,0.0,0.0,0.0,0.0,0.0,5.5,0.5,1.0,1.0,1.0,1.0,1.0
214,"DRG13,DRG18",0.0,2.5,2.5,2.5,2.5,2.5,2.5,1.0,1.0,1.0,1.0,1.0,1.0,2.5,2.5,2.5,1.0,1.0,5.5,1.5,1.0,1.0,1.0,1.0,1.0
215,"DRG13,DRG19",1.0,3.5,3.5,3.5,3.5,3.5,3.5,1.5,1.5,1.5,1.5,1.5,1.5,3.5,3.5,3.5,1.5,1.5,7.5,1.5,1.5,1.5,1.5,1.5,1.5
216,"DRG13,DRG20",0.5,3.5,3.5,3.5,3.5,3.5,3.5,1.5,1.5,1.5,1.5,1.5,1.5,3.5,3.5,3.5,1.5,1.5,7.5,1.5,1.5,1.5,1.5,1.5,1.5
217,"DRG13,DRG21",0.0,3.5,3.5,3.5,3.5,3.5,3.5,1.5,1.5,1.5,1.5,1.5,1.5,3.5,3.5,3.5,1.5,1.5,7.5,1.5,1.5,1.5,1.5,1.5,1.5
218,"DRG13,DRG22",0.0,3.5,3.5,3.5,3.5,3.5,3.5,1.5,1.5,1.5,1.5,1.5,1.5,3.5,3.5,3.5,1.5,1.5,7.5,1.5,1.5,1.5,1.5,1.5,1.5
219,"DRG13,DRG23",0.0,1.5,1.5,1.5,1.5,1.5,1.5,1.5,1.5,1.5,1.5,1.5,1.5,1.5,1.5,1.5,1.5,1.5,3.5,1.5,1.5,1.5,1.5,1.5,1.5
220,"DRG13,DRG24",1.0,3.5,3.5,3.5,3.5,3.5,3.5,1.5,1.5,1.5,1.5,1.5,1.5,3.5,3.5,3.5,1.5,1.5,7.5,1.5,1.5,1.5,1.5,1.5,1.5
221,"DRG14,DRG15",0.0,5.5,5.5,5.5,5.5,5.5,5.5,0.0,0.0,0.0,0.0,1.5,1.5,0.0,0.0,0.0,5.5,5.5,5.5,0.5,1.0,1.0,1.0,1.0,1.0
222,"DRG14,DRG16",0.0,0.0,0.0,0.0,0.0,0.0,0.0,0.0,0.0,0.0,0.0,1.5,1.5,0.0,0.0,0.0,0.0,0.0,0.0,0.5,1.0,1.0,1.0,1.0,1.0
223,"DRG14,DRG17",0.0,7.0,7.0,7.0,7.0,7.0,7.0,0.0,0.0,0.0,0.0,0.0,1.5,0.0,0.0,0.0,5.5,5.5,5.5,0.5,1.0,1.0,1.0,1.0,1.0
224,"DRG14,DRG18",0.0,7.0,7.0,7.0,7.0,7.0,7.0,0.0,0.0,0.0,0.0,1.0,0.0,0.0,0.0,0.0,5.5,5.5,5.5,0.5,1.0,1.0,1.0,1.0,1.0
225,"DRG14,DRG19",1.0,7.0,7.0,7.0,7.0,7.0,7.0,1.0,1.0,1.0,1.0,1.5,1.5,2.5,2.5,2.5,5.5,5.5,5.5,1.5,1.0,1.0,1.0,1.0,1.0
226,"DRG14,DRG20",0.5,9.5,9.5,9.5,9.5,9.5,9.5,0.5,0.5,0.5,0.5,1.5,1.5,0.5,0.5,0.5,7.5,7.5,7.5,0.5,1.5,1.5,1.5,1.5,1.5
227,"DRG14,DRG21",0.0,7.0,7.0,7.0,7.0,7.0,7.0,0.0,0.0,0.0,0.0,1.5,1.5,0.0,0.0,0.0,5.5,5.5,5.5,0.5,0.0,0.0,1.0,1.0,1.0
228,"DRG14,DRG22",0.0,7.0,7.0,7.0,7.0,7.0,7.0,0.0,0.0,0.0,0.0,1.5,1.5,0.0,0.0,0.0,5.5,5.5,5.5,0.5,0.0,0.0,0.0,1.0,1.0
229,"DRG14,DRG23",0.0,0.5,0.5,0.5,0.5,0.5,0.5,0.0,0.0,0.0,0.0,1.5,1.5,0.0,0.0,0.0,0.5,0.5,0.5,0.5,0.0,0.0,0.0,0.0,1.0
230,"DRG14,DRG24",1.0,7.0,7.0,7.0,7.0,7.0,7.0,1.0,1.0,1.0,1.0,1.5,1.5,1.0,1.0,1.0,5.5,5.5,5.5,1.5,1.0,1.0,1.0,1.0,1.0
231,"DRG15,DRG16",0.0,1.5,1.5,1.5,1.5,1.5,1.5,1.5,1.5,1.5,1.5,1.5,1.5,1.5,1.5,1.5,1.5,1.5,1.5,1.5,1.5,1.5,1.5,1.5,1.5
232,"DRG15,DRG17",0.0,5.5,5.5,5.5,5.5,5.5,5.5,0.0,0.0,0.0,0.0,0.0,1.5,0.0,0.0,0.0,5.5,5.5,5.5,0.5,1.0,1.0,1.0,1.0,1.0
233,"DRG15,DRG18",0.0,5.5,5.5,5.5,5.5,5.5,5.5,1.0,1.0,1.0,1.0,1.0,1.0,1.0,1.0,1.0,5.5,5.5,5.5,1.5,1.0,1.0,1.0,1.0,1.0
234,"DRG15,DRG19",1.0,7.5,7.5,7.5,7.5,7.5,7.5,1.5,1.5,1.5,1.5,1.5,1.5,1.5,1.5,1.5,7.5,7.5,7.5,1.5,1.5,1.5,1.5,1.5,1.5
235,"DRG15,DRG20",0.5,7.5,7.5,7.5,7.5,7.5,7.5,1.5,1.5,1.5,1.5,1.5,1.5,1.5,1.5,1.5,7.5,7.5,7.5,1.5,1.5,1.5,1.5,1.5,1.5
236,"DRG15,DRG21",0.0,7.5,7.5,7.5,7.5,7.5,7.5,1.5,1.5,1.5,1.5,1.5,1.5,1.5,1.5,1.5,7.5,7.5,7.5,1.5,1.5,1.5,1.5,1.5,1.5
237,"DRG15,DRG22",0.0,7.5,7.5,7.5,7.5,7.5,7.5,1.5,1.5,1.5,1.5,1.5,1.5,1.5,1.5,1.5,7.5,7.5,7.5,1.5,1.5,1.5,1.5,1.5,1.5
238,"DRG15,DRG23",0.0,3.5,3.5,3.5,3.5,3.5,3.5,1.5,1.5,1.5,1.5,1.5,1.5,1.5,1.5,1.5,3.5,3.5,3.5,1.5,1.5,1.5,1.5,1.5,1.5
239,"DRG15,DRG24",1.0,7.5,7.5,7.5,7.5,7.5,7.5,1.5,1.5,1.5,1.5,1.5,1.5,1.5,1.5,1.5,7.5,7.5,7.5,1.5,1.5,1.5,1.5,1.5,1.5
240,"DRG16,DRG17",0.0,0.0,0.0,0.0,0.0,0.0,0.0,0.0,0.0,0.0,0.0,0.0,1.5,0.0,0.0,0.0,0.0,0.0,0.0,0.5,1.0,1.0,1.0,1.0,1.0
241,"DRG16,DRG18",0.0,2.5,2.5,2.5,2.5,2.5,2.5,1.0,1.0,1.0,1.0,1.0,1.0,2.5,2.5,2.5,1.0,1.0,1.0,1.5,1.0,1.0,1.0,1.0,1.0
242,"DRG16,DRG19",1.0,3.5,3.5,3.5,3.5,3.5,3.5,1.5,1.5,1.5,1.5,1.5,1.5,3.5,3.5,3.5,1.5,1.5,1.5,1.5,1.5,1.5,1.5,1.5,1.5
243,"DRG16,DRG20",0.5,3.5,3.5,3.5,3.5,3.5,3.5,1.5,1.5,1.5,1.5,1.5,1.5,3.5,3.5,3.5,1.5,1.5,1.5,1.5,1.5,1.5,1.5,1.5,1.5
244,"DRG16,DRG21",0.0,3.5,3.5,3.5,3.5,3.5,3.5,1.5,1.5,1.5,1.5,1.5,1.5,3.5,3.5,3.5,1.5,1.5,1.5,1.5,1.5,1.5,1.5,1.5,1.5
245,"DRG16,DRG22",0.0,3.5,3.5,3.5,3.5,3.5,3.5,1.5,1.5,1.5,1.5,1.5,1.5,3.5,3.5,3.5,1.5,1.5,1.5,1.5,1.5,1.5,1.5,1.5,1.5
246,"DRG16,DRG23",0.0,1.5,1.5,1.5,1.5,1.5,1.5,1.5,1.5,1.5,1.5,1.5,1.5,1.5,1.5,1.5,1.5,1.5,1.5,1.5,1.5,1.5,1.5,1.5,1.5
247,"DRG16,DRG24",1.0,3.5,3.5,3.5,3.5,3.5,3.5,1.5,1.5,1.5,1.5,1.5,1.5,3.5,3.5,3.5,1.5,1.5,1.5,1.5,1.5,1.5,1.5,1.5,1.5
248,"DRG17,DRG18",0.0,7.0,7.0,7.0,7.0,7.0,7.0,0.0,0.0,0.0,0.0,0.0,0.0,0.0,0.0,0.0,5.5,5.5,5.5,0.5,1.0,1.0,1.0,1.0,1.0
249,"DRG17,DRG19",1.0,7.0,7.0,7.0,7.0,7.0,7.0,1.0,1.0,1.0,1.0,1.0,1.5,2.5,2.5,2.5,5.5,5.5,5.5,1.5,1.0,1.0,1.0,1.0,1.0
250,"DRG17,DRG20",0.5,9.5,9.5,9.5,9.5,9.5,9.5,0.5,0.5,0.5,0.5,0.5,1.5,0.5,0.5,0.5,7.5,7.5,7.5,0.5,1.5,1.5,1.5,1.5,1.5
251,"DRG17,DRG21",0.0,7.0,7.0,7.0,7.0,7.0,7.0,0.0,0.0,0.0,0.0,0.0,1.5,0.0,0.0,0.0,5.5,5.5,5.5,0.5,0.0,0.0,1.0,1.0,1.0
252,"DRG17,DRG22",0.0,7.0,7.0,7.0,7.0,7.0,7.0,0.0,0.0,0.0,0.0,0.0,1.5,0.0,0.0,0.0,5.5,5.5,5.5,0.5,0.0,0.0,0.0,1.0,1.0
253,"DRG17,DRG23",0.0,0.5,0.5,0.5,0.5,0.5,0.5,0.0,0.0,0.0,0.0,0.0,1.5,0.0,0.0,0.0,0.5,0.5,0.5,0.5,0.0,0.0,0.0,0.0,1.0
254,"DRG17,DRG24",1.0,7.0,7.0,7.0,7.0,7.0,7.0,1.0,1.0,1.0,1.0,1.0,1.5,1.0,1.0,1.0,5.5,5.5,5.5,1.5,1.0,1.0,1.0,1.0,1.0
255,"DRG18,DRG19",1.0,7.0,7.0,7.0,7.0,7.0,7.0,1.0,1.0,1.0,1.0,1.0,1.0,2.5,2.5,2.5,5.5,5.5,5.5,1.5,1.0,1.0,1.0,1.0,1.0
256,"DRG18,DRG20",0.5,9.5,9.5,9.5,9.5,9.5,9.5,1.5,1.5,1.5,1.5,1.5,1.5,3.5,3.5,3.5,7.5,7.5,7.5,1.5,1.5,1.5,1.5,1.5,1.5
257,"DRG18,DRG21",0.0,7.0,7.0,7.0,7.0,7.0,7.0,1.0,1.0,1.0,1.0,1.0,1.0,2.5,2.5,2.5,5.5,5.5,5.5,1.5,1.0,1.0,1.0,1.0,1.0
258,"DRG18,DRG22",0.0,7.0,7.0,7.0,7.0,7.0,7.0,1.0,1.0,1.0,1.0,1.0,1.0,2.5,2.5,2.5,5.5,5.5,5.5,1.5,1.0,1.0,1.0,1.0,1.0
259,"DRG18,DRG23",0.0,0.5,0.5,0.5,0.5,0.5,0.5,0.0,0.0,0.0,0.0,0.0,0.0,0.0,0.0,0.0,0.5,0.5,0.5,0.5,0.0,0.0,0.0,0.0,1.0
260,"DRG18,DRG24",1.0,7.0,7.0,7.0,7.0,7.0,7.0,1.0,1.0,1.0,1.0,1.0,1.0,2.5,2.5,2.5,5.5,5.5,5.5,1.5,1.0,1.0,1.0,1.0,1.0
261,"DRG19,DRG20",1.5,9.5,9.5,9.5,9.5,9.5,9.5,1.5,1.5,1.5,1.5,1.5,1.5,3.5,3.5,3.5,7.5,7.5,7.5,1.5,1.5,1.5,1.5,1.5,1.5
262,"DRG19,DRG21",0.0,9.5,9.5,9.5,9.5,9.5,9.5,1.5,1.5,1.5,1.5,1.5,1.5,3.5,3.5,3.5,7.5,7.5,7.5,1.5,1.5,1.5,1.5,1.5,1.5
263,"DRG19,DRG22",0.0,9.5,9.5,9.5,9.5,9.5,9.5,1.5,1.5,1.5,1.5,1.5,1.5,3.5,3.5,3.5,7.5,7.5,7.5,1.5,1.5,1.5,1.5,1.5,1.5
264,"DRG19,DRG23",0.0,3.5,3.5,3.5,3.5,3.5,3.5,1.5,1.5,1.5,1.5,1.5,1.5,1.5,1.5,1.5,3.5,3.5,3.5,1.5,1.5,1.5,1.5,1.5,1.5
265,"DRG19,DRG24",1.0,9.5,9.5,9.5,9.5,9.5,9.5,1.5,1.5,1.5,1.5,1.5,1.5,3.5,3.5,3.5,7.5,7.5,7.5,1.5,1.5,1.5,1.5,1.5,1.5
266,"DRG20,DRG21",0.5,9.5,9.5,9.5,9.5,9.5,9.5,1.5,1.5,1.5,1.5,1.5,1.5,3.5,3.5,3.5,7.5,7.5,7.5,1.5,1.5,1.5,1.5,1.5,1.5
267,"DRG20,DRG22",0.5,9.5,9.5,9.5,9.5,9.5,9.5,1.5,1.5,1.5,1.5,1.5,1.5,3.5,3.5,3.5,7.5,7.5,7.5,1.5,1.5,1.5,1.5,1.5,1.5
268,"DRG20,DRG23",0.5,3.5,3.5,3.5,3.5,3.5,3.5,1.5,1.5,1.5,1.5,1.5,1.5,1.5,1.5,1.5,3.5,3.5,3.5,1.5,1.5,1.5,1.5,1.5,1.5
269,"DRG20,DRG24",1.5,9.5,9.5,9.5,9.5,9.5,9.5,1.5,1.5,1.5,1.5,1.5,1.5,3.5,3.5,3.5,7.5,7.5,7.5,1.5,1.5,1.5,1.5,1.5,1.5
270,"DRG21,DRG22",0.0,9.5,9.5,9.5,9.5,9.5,9.5,1.5,1.5,1.5,1.5,1.5,1.5,3.5,3.5,3.5,7.5,7.5,7.5,1.5,1.5,1.5,1.5,1.5,1.5
271,"DRG21,DRG23",0.0,3.5,3.5,3.5,3.5,3.5,3.5,1.5,1.5,1.5,1.5,1.5,1.5,1.5,1.5,1.5,3.5,3.5,3.5,1.5,1.5,1.5,1.5,1.5,1.5
272,"DRG21,DRG24",1.0,9.5,9.5,9.5,9.5,9.5,9.5,1.5,1.5,1.5,1.5,1.5,1.5,3.5,3.5,3.5,7.5,7.5,7.5,1.5,1.5,1.5,1.5,1.5,1.5
273,"DRG22,DRG23",0.0,3.5,3.5,3.5,3.5,3.5,3.5,1.5,1.5,1.5,1.5,1.5,1.5,1.5,1.5,1.5,3.5,3.5,3.5,1.5,1.5,1.5,1.5,1.5,1.5
274,"DRG22,DRG24",1.0,9.5,9.5,9.5,9.5,9.5,9.5,1.5,1.5,1.5,1.5,1.5,1.5,3.5,3.5,3.5,7.5,7.5,7.5,1.5,1.5,1.5,1.5,1.5,1.5
275,"DRG23,DRG24",1.0,3.5,3.5,3.5,3.5,3.5,3.5,1.5,1.5,1.5,1.5,1.5,1.5,1.5,1.5,1.5,3.5,3.5,3.5,1.5,1.5,1.5,1.5,1.5,1.5
