,Drug Vector,"1,2","1,3","1,4","1,5","1,6","1,7","1,8","1,9","1,10","1,11","1,12","1,13","1,14","1,15","1,16","1,17","1,18","1,19","1,20","1,21","1,22","1,23","1,24","2,3","2,4","2,5","2,6","2,7","2,8","2,9","2,10","2,11","2,12","2,13","2,14","2,15","2,16","2,17","2,18","2,19","2,20","2,21","2,22","2,23","2,24","3,4","3,5","3,6","3,7","3,8","3,9","3,10","3,11","3,12","3,13","3,14","3,15","3,16","3,17","3,18","3,19","3,20","3,21","3,22","3,23","3,24","4,5","4,6","4,7","4,8","4,9","4,10","4,11","4,12","4,13","4,14","4,15","4,16","4,17","4,18","4,19","4,20","4,21","4,22","4,23","4,24","5,6","5,7","5,8","5,9","5,10","5,11","5,12","5,13","5,14","5,15","5,16","5,17","5,18","5,19","5,20","5,21","5,22","5,23","5,24","6,7","6,8","6,9","6,10","6,11","6,12","6,13","6,14","6,15","6,16","6,17","6,18","6,19","6,20","6,21","6,22","6,23","6,24","7,8","7,9","7,10","7,11","7,12","7,13","7,14","7,15","7,16","7,17","7,18","7,19","7,20","7,21","7,22","7,23","7,24","8,9","8,10","8,11","8,12","8,13","8,14","8,15","8,16","8,17","8,18","8,19","8,20","8,21","8,22","8,23","8,24","9,10","9,11","9,12","9,13","9,14","9,15","9,16","9,17","9,18","9,19","9,20","9,21","9,22","9,23","9,24","10,11","10,12","10,13","10,14","10,15","10,16","10,17","10,18","10,19","10,20","10,21","10,22","10,23","10,24","11,12","11,13","11,14","11,15","11,16","11,17","11,18","11,19","11,20","11,21","11,22","11,23","11,24","12,13","12,14","12,15","12,16","12,17","12,18","12,19","12,20","12,21","12,22","12,23","12,24","13,14","13,15","13,16","13,17","13,18","13,19","13,20","13,21","13,22","13,23","13,24","14,15","14,16","14,17","14,18","14,19","14,20","14,21","14,22","14,23","14,24","15,16","15,17","15,18","15,19","15,20","15,21","15,22","15,23","15,24","16,17","16,18","16,19","16,20","16,21","16,22","16,23","16,24","17,18","17,19","17,20","17,21","17,22","17,23","17,24","18,19","18,20","18,21","18,22","18,23","18,24","19,20","19,21","19,22","19,23","19,24","20,21","20,22","20,23","20,24","21,22","21,23","21,24","22,23","22,24","23,24"
0,0 0 0 0 0 0,9.5,9.5,9.5,9.5,9.5,9.5,9.5,9.5,9.5,9.5,9.5,9.5,9.5,9.5,9.5,9.5,9.5,9.5,9.5,9.5,9.5,9.5,9.5,9.5,9.5,9.5,9.5,9.5,9.5,9.5,9.5,9.5,9.5,9.5,9.5,9.5,9.5,9.5,9.5,9.5,9.5,9.5,9.5,9.5,9.5,9.5,9.5,9.5,9.5,9.5,9.5,9.5,9.5,9.5,9.5,9.5,9.5,9.5,9.5,9.5,9.5,9.5,9.5,9.5,9.5,9.5,9.5,9.5,9.5,9.5,9.5,9.5,9.5,9.5,9.5,9.5,9.5,9.5,9.5,9.5,9.5,9.5,9.5,9.5,9.5,9.5,9.5,9.5,9.5,9.5,9.5,9.5,9.5,9.5,9.5,9.5,9.5,9.5,9.5,9.5,9.5,9.5,9.5,9.5,9.5,9.5,9.5,9.5,9.5,9.5,9.5,9.5,9.5,9.5,9.5,9.5,9.5,9.5,9.5,9.5,9.5,9.5,9.5,1.5,1.5,1.5,1.5,1.5,3.5,3.5,3.5,7.5,7.5,7.5,1.5,1.5,1.5,1.5,1.5,1.5,1.5,1.5,1.5,1.5,3.5,3.5,3.5,7.5,7.5,7.5,1.5,1.5,1.5,1.5,1.5,1.5,1.5,1.5,1.5,3.5,3.5,3.5,7.5,7.5,7.5,1.5,1.5,1.5,1.5,1.5,1.5,1.5,1.5,3.5,3.5,3.5,7.5,7.5,7.5,1.5,1.5,1.5,1.5,1.5,1.5,1.5,3.5,3.5,3.5,7.5,7.5,7.5,1.5,1.5,1.5,1.5,1.5,1.5,3.5,3.5,3.5,7.5,7.5,7.5,1.5,1.5,1.5,1.5,1.5,1.5,0.0,0.0,7.0,7.0,7.0,0.5,2.5,2.5,2.5,2.5,1.0,0.0,7.0,7.0,7.0,0.5,2.5,2.5,2.5,2.5,1.0,7.0,7.0,7.0,0.5,2.5,2.5,2.5,2.5,1.0,5.5,5.5,7.5,5.5,5.5,5.5,5.5,5.5,5.5,7.5,5.5,5.5,5.5,5.5,5.5,7.5,5.5,5.5,5.5,5.5,5.5,1.5,1.5,1.5,1.5,1.5,1.0,1.0,1.0,1.0,1.0,1.0,1.0,1.0,1.0,1.0
1,0 0 0 0 0 1,9.5,9.5,9.5,9.5,9.5,9.5,9.5,9.5,9.5,9.5,9.5,9.5,9.5,9.5,9.5,9.5,9.5,9.5,9.5,9.5,9.5,9.5,9.5,9.5,9.5,9.5,9.5,9.5,9.5,9.5,9.5,9.5,9.5,9.5,9.5,9.5,9.5,9.5,9.5,9.5,9.5,9.5,9.5,9.5,9.5,9.5,9.5,9.5,9.5,9.5,9.5,9.5,9.5,9.5,9.5,9.5,9.5,9.5,9.5,9.5,9.5,9.5,9.5,9.5,9.5,9.5,9.5,9.5,9.5,9.5,9.5,9.5,9.5,9.5,9.5,9.5,9.5,9.5,9.5,9.5,9.5,9.5,9.5,9.5,9.5,9.5,9.5,9.5,9.5,9.5,9.5,9.5,9.5,9.5,9.5,9.5,9.5,9.5,9.5,9.5,9.5,9.5,9.5,9.5,9.5,9.5,9.5,9.5,9.5,9.5,9.5,9.5,9.5,9.5,9.5,9.5,9.5,9.5,9.5,9.5,9.5,9.5,9.5,1.5,1.5,1.5,1.5,1.5,3.5,3.5,3.5,7.5,7.5,7.5,1.5,1.5,1.5,1.5,1.5,1.5,1.5,1.5,1.5,1.5,3.5,3.5,3.5,7.5,7.5,7.5,1.5,1.5,1.5,1.5,1.5,1.5,1.5,1.5,1.5,3.5,3.5,3.5,7.5,7.5,7.5,1.5,1.5,1.5,1.5,1.5,1.5,1.5,1.5,3.5,3.5,3.5,7.5,7.5,7.5,1.5,1.5,1.5,1.5,1.5,1.5,1.5,3.5,3.5,3.5,7.5,7.5,7.5,1.5,1.5,1.5,1.5,1.5,1.5,1.5,1.5,1.5,7.5,7.5,7.5,1.5,1.5,1.5,1.5,1.5,1.5,0.0,0.0,7.0,7.0,7.0,0.5,0.0,0.0,0.0,2.5,1.0,0.0,7.0,7.0,7.0,0.5,0.0,0.0,0.0,2.5,1.0,7.0,7.0,7.0,0.5,0.0,0.0,0.0,2.5,1.0,5.5,5.5,7.5,5.5,5.5,5.5,5.5,5.5,5.5,7.5,5.5,5.5,5.5,5.5,5.5,7.5,5.5,5.5,5.5,5.5,5.5,0.5,0.5,0.5,1.5,1.5,0.0,0.0,1.0,1.0,0.0,1.0,1.0,1.0,1.0,1.0
2,0 0 0 0 1 0,7.0,7.0,7.0,7.0,7.0,9.5,7.0,7.0,9.5,9.5,9.5,7.0,7.0,7.0,7.0,7.0,7.0,9.5,7.0,7.0,7.0,7.0,7.0,7.0,7.0,7.0,7.0,9.5,7.0,7.0,9.5,9.5,9.5,7.0,7.0,7.0,7.0,7.0,7.0,9.5,7.0,7.0,7.0,7.0,7.0,7.0,7.0,7.0,9.5,7.0,7.0,9.5,9.5,9.5,7.0,7.0,7.0,7.0,7.0,7.0,9.5,7.0,7.0,7.0,7.0,7.0,7.0,7.0,9.5,7.0,7.0,9.5,9.5,9.5,7.0,7.0,7.0,7.0,7.0,7.0,9.5,7.0,7.0,7.0,7.0,7.0,7.0,9.5,7.0,7.0,9.5,9.5,9.5,7.0,7.0,7.0,7.0,7.0,7.0,9.5,7.0,7.0,7.0,7.0,7.0,9.5,7.0,7.0,9.5,9.5,9.5,7.0,7.0,7.0,7.0,7.0,7.0,9.5,7.0,7.0,7.0,7.0,7.0,1.5,1.5,1.5,1.5,1.5,3.5,3.5,3.5,7.5,7.5,7.5,1.5,1.5,1.5,1.5,1.5,1.5,0.0,1.5,1.5,1.5,0.0,0.0,0.0,5.5,5.5,5.5,0.5,1.0,1.0,1.0,1.0,1.0,1.5,1.5,1.5,0.0,0.0,0.0,5.5,5.5,5.5,0.5,1.0,1.0,1.0,1.0,1.0,1.5,1.5,3.5,3.5,3.5,7.5,7.5,7.5,1.5,1.5,1.5,1.5,1.5,1.5,1.5,3.5,3.5,3.5,7.5,7.5,7.5,1.5,1.5,1.5,1.5,1.5,1.5,3.5,3.5,3.5,7.5,7.5,7.5,1.5,1.5,1.5,1.5,1.5,1.5,0.0,0.0,7.0,7.0,7.0,0.5,2.5,2.5,2.5,2.5,1.0,0.0,7.0,7.0,7.0,0.5,2.5,2.5,2.5,2.5,1.0,7.0,7.0,7.0,0.5,2.5,2.5,2.5,2.5,1.0,5.5,5.5,7.5,5.5,5.5,5.5,5.5,5.5,5.5,7.5,5.5,5.5,5.5,5.5,5.5,7.5,5.5,5.5,5.5,5.5,5.5,1.5,1.5,1.5,1.5,1.5,1.0,1.0,1.0,1.0,1.0,1.0,1.0,1.0,1.0,1.0
3,0 0 0 0 1 1,7.0,7.0,7.0,7.0,7.0,9.5,7.0,7.0,9.5,9.5,9.5,7.0,7.0,7.0,7.0,7.0,7.0,9.5,7.0,7.0,7.0,7.0,7.0,7.0,7.0,7.0,7.0,9.5,7.0,7.0,9.5,9.5,9.5,7.0,7.0,7.0,7.0,7.0,7.0,9.5,7.0,7.0,7.0,7.0,7.0,7.0,7.0,7.0,9.5,7.0,7.0,9.5,9.5,9.5,7.0,7.0,7.0,7.0,7.0,7.0,9.5,7.0,7.0,7.0,7.0,7.0,7.0,7.0,9.5,7.0,7.0,9.5,9.5,9.5,7.0,7.0,7.0,7.0,7.0,7.0,9.5,7.0,7.0,7.0,7.0,7.0,7.0,9.5,7.0,7.0,9.5,9.5,9.5,7.0,7.0,7.0,7.0,7.0,7.0,9.5,7.0,7.0,7.0,7.0,7.0,9.5,7.0,7.0,9.5,9.5,9.5,7.0,7.0,7.0,7.0,7.0,7.0,9.5,7.0,7.0,7.0,7.0,7.0,1.5,1.5,1.5,1.5,1.5,3.5,3.5,3.5,7.5,7.5,7.5,1.5,1.5,1.5,1.5,1.5,1.5,0.0,1.5,1.5,1.5,0.0,0.0,0.0,5.5,5.5,5.5,0.5,0.0,0.0,0.0,1.0,1.0,1.5,1.5,1.5,0.0,0.0,0.0,5.5,5.5,5.5,0.5,0.0,0.0,0.0,1.0,1.0,1.5,1.5,3.5,3.5,3.5,7.5,7.5,7.5,1.5,1.5,1.5,1.5,1.5,1.5,1.5,3.5,3.5,3.5,7.5,7.5,7.5,1.5,1.5,1.5,1.5,1.5,1.5,1.5,1.5,1.5,7.5,7.5,7.5,1.5,1.5,1.5,1.5,1.5,1.5,0.0,0.0,7.0,7.0,7.0,0.5,0.0,0.0,0.0,2.5,1.0,0.0,7.0,7.0,7.0,0.5,0.0,0.0,0.0,2.5,1.0,7.0,7.0,7.0,0.5,0.0,0.0,0.0,2.5,1.0,5.5,5.5,7.5,5.5,5.5,5.5,5.5,5.5,5.5,7.5,5.5,5.5,5.5,5.5,5.5,7.5,5.5,5.5,5.5,5.5,5.5,0.5,0.5,0.5,1.5,1.5,0.0,0.0,1.0,1.0,0.0,1.0,1.0,1.0,1.0,1.0
4,0 0 0 1 0 0,3.5,3.5,3.5,3.5,3.5,3.5,3.5,3.5,3.5,3.5,3.5,3.5,3.5,3.5,3.5,3.5,9.5,3.5,3.5,3.5,3.5,3.5,3.5,3.5,3.5,3.5,3.5,3.5,3.5,3.5,3.5,3.5,3.5,3.5,3.5,3.5,3.5,3.5,9.5,3.5,3.5,3.5,3.5,3.5,3.5,3.5,3.5,3.5,3.5,3.5,3.5,3.5,3.5,3.5,3.5,3.5,3.5,3.5,3.5,9.5,3.5,3.5,3.5,3.5,3.5,3.5,3.5,3.5,3.5,3.5,3.5,3.5,3.5,3.5,3.5,3.5,3.5,3.5,3.5,9.5,3.5,3.5,3.5,3.5,3.5,3.5,3.5,3.5,3.5,3.5,3.5,3.5,3.5,3.5,3.5,3.5,3.5,3.5,9.5,3.5,3.5,3.5,3.5,3.5,3.5,3.5,3.5,3.5,3.5,3.5,3.5,3.5,3.5,3.5,3.5,3.5,9.5,3.5,3.5,3.5,3.5,3.5,3.5,1.5,1.5,1.5,1.5,1.5,3.5,3.5,3.5,1.5,1.5,7.5,1.5,1.5,1.5,1.5,1.5,1.5,1.5,1.5,1.5,1.5,3.5,3.5,3.5,1.5,1.5,7.5,1.5,1.5,1.5,1.5,1.5,1.5,1.5,1.5,1.5,3.5,3.5,3.5,1.5,1.5,7.5,1.5,1.5,1.5,1.5,1.5,1.5,1.5,1.5,3.5,3.5,3.5,1.5,1.5,7.5,1.5,1.5,1.5,1.5,1.5,1.5,1.5,3.5,3.5,3.5,1.5,1.5,7.5,1.5,1.5,1.5,1.5,1.5,1.5,3.5,3.5,3.5,1.5,1.5,7.5,1.5,1.5,1.5,1.5,1.5,1.5,0.0,0.0,0.0,0.0,7.0,0.5,2.5,2.5,2.5,2.5,1.0,0.0,0.0,0.0,7.0,0.5,2.5,2.5,2.5,2.5,1.0,0.0,0.0,7.0,0.5,2.5,2.5,2.5,2.5,1.0,0.0,5.5,0.5,1.0,1.0,1.0,1.0,1.0,5.5,0.5,1.0,1.0,1.0,1.0,1.0,7.5,5.5,5.5,5.5,5.5,5.5,1.5,1.5,1.5,1.5,1.5,1.0,1.0,1.0,1.0,1.0,1.0,1.0,1.0,1.0,1.0
5,0 0 0 1 0 1,3.5,3.5,3.5,3.5,3.5,3.5,3.5,3.5,3.5,3.5,3.5,3.5,3.5,3.5,3.5,3.5,9.5,3.5,3.5,3.5,3.5,3.5,3.5,3.5,3.5,3.5,3.5,3.5,3.5,3.5,3.5,3.5,3.5,3.5,3.5,3.5,3.5,3.5,9.5,3.5,3.5,3.5,3.5,3.5,3.5,3.5,3.5,3.5,3.5,3.5,3.5,3.5,3.5,3.5,3.5,3.5,3.5,3.5,3.5,9.5,3.5,3.5,3.5,3.5,3.5,3.5,3.5,3.5,3.5,3.5,3.5,3.5,3.5,3.5,3.5,3.5,3.5,3.5,3.5,9.5,3.5,3.5,3.5,3.5,3.5,3.5,3.5,3.5,3.5,3.5,3.5,3.5,3.5,3.5,3.5,3.5,3.5,3.5,9.5,3.5,3.5,3.5,3.5,3.5,3.5,3.5,3.5,3.5,3.5,3.5,3.5,3.5,3.5,3.5,3.5,3.5,9.5,3.5,3.5,3.5,3.5,3.5,3.5,1.5,1.5,1.5,1.5,1.5,3.5,3.5,3.5,1.5,1.5,7.5,1.5,1.5,1.5,1.5,1.5,1.5,1.5,1.5,1.5,1.5,3.5,3.5,3.5,1.5,1.5,7.5,1.5,1.5,1.5,1.5,1.5,1.5,1.5,1.5,1.5,3.5,3.5,3.5,1.5,1.5,7.5,1.5,1.5,1.5,1.5,1.5,1.5,1.5,1.5,3.5,3.5,3.5,1.5,1.5,7.5,1.5,1.5,1.5,1.5,1.5,1.5,1.5,3.5,3.5,3.5,1.5,1.5,7.5,1.5,1.5,1.5,1.5,1.5,1.5,1.5,1.5,1.5,1.5,1.5,7.5,1.5,1.5,1.5,1.5,1.5,1.5,0.0,0.0,0.0,0.0,7.0,0.5,0.0,0.0,0.0,2.5,1.0,0.0,0.0,0.0,7.0,0.5,0.0,0.0,0.0,2.5,1.0,0.0,0.0,7.0,0.5,0.0,0.0,0.0,2.5,1.0,0.0,5.5,0.5,0.0,0.0,0.0,1.0,1.0,5.5,0.5,0.0,0.0,0.0,1.0,1.0,7.5,5.5,5.5,5.5,5.5,5.5,0.5,0.5,0.5,1.5,1.5,0.0,0.0,1.0,1.0,0.0,1.0,1.0,1.0,1.0,1.0
6,0 0 0 1 1 0,0.0,0.0,0.0,0.0,0.0,3.5,0.0,0.0,3.5,3.5,3.5,0.0,0.0,0.0,0.0,0.0,7.0,0.5,2.5,2.5,2.5,2.5,1.0,0.0,0.0,0.0,0.0,3.5,0.0,0.0,3.5,3.5,3.5,0.0,0.0,0.0,0.0,0.0,7.0,0.5,2.5,2.5,2.5,2.5,1.0,0.0,0.0,0.0,3.5,0.0,0.0,3.5,3.5,3.5,0.0,0.0,0.0,0.0,0.0,7.0,0.5,2.5,2.5,2.5,2.5,1.0,0.0,0.0,3.5,0.0,0.0,3.5,3.5,3.5,0.0,0.0,0.0,0.0,0.0,7.0,0.5,2.5,2.5,2.5,2.5,1.0,0.0,3.5,0.0,0.0,3.5,3.5,3.5,0.0,0.0,0.0,0.0,0.0,7.0,0.5,2.5,2.5,2.5,2.5,1.0,3.5,0.0,0.0,3.5,3.5,3.5,0.0,0.0,0.0,0.0,0.0,7.0,0.5,2.5,2.5,2.5,2.5,1.0,1.5,1.5,1.5,1.5,1.5,3.5,3.5,3.5,1.5,1.5,7.5,1.5,1.5,1.5,1.5,1.5,1.5,0.0,1.5,1.5,1.5,0.0,0.0,0.0,0.0,0.0,5.5,0.5,1.0,1.0,1.0,1.0,1.0,1.5,1.5,1.5,0.0,0.0,0.0,0.0,0.0,5.5,0.5,1.0,1.0,1.0,1.0,1.0,1.5,1.5,3.5,3.5,3.5,1.5,1.5,7.5,1.5,1.5,1.5,1.5,1.5,1.5,1.5,3.5,3.5,3.5,1.5,1.5,7.5,1.5,1.5,1.5,1.5,1.5,1.5,3.5,3.5,3.5,1.5,1.5,7.5,1.5,1.5,1.5,1.5,1.5,1.5,0.0,0.0,0.0,0.0,7.0,0.5,2.5,2.5,2.5,2.5,1.0,0.0,0.0,0.0,7.0,0.5,2.5,2.5,2.5,2.5,1.0,0.0,0.0,7.0,0.5,2.5,2.5,2.5,2.5,1.0,0.0,5.5,0.5,1.0,1.0,1.0,1.0,1.0,5.5,0.5,1.0,1.0,1.0,1.0,1.0,7.5,5.5,5.5,5.5,5.5,5.5,1.5,1.5,1.5,1.5,1.5,1.0,1.0,1.0,1.0,1.0,1.0,1.0,1.0,1.0,1.0
7,0 0 0 1 1 1,0.0,0.0,0.0,0.0,0.0,3.5,0.0,0.0,3.5,3.5,1.5,0.0,0.0,0.0,0.0,0.0,7.0,0.5,0.0,0.0,0.0,2.5,1.0,0.0,0.0,0.0,0.0,3.5,0.0,0.0,3.5,3.5,1.5,0.0,0.0,0.0,0.0,0.0,7.0,0.5,0.0,0.0,0.0,2.5,1.0,0.0,0.0,0.0,3.5,0.0,0.0,3.5,3.5,1.5,0.0,0.0,0.0,0.0,0.0,7.0,0.5,0.0,0.0,0.0,2.5,1.0,0.0,0.0,3.5,0.0,0.0,3.5,3.5,1.5,0.0,0.0,0.0,0.0,0.0,7.0,0.5,0.0,0.0,0.0,2.5,1.0,0.0,3.5,0.0,0.0,3.5,3.5,1.5,0.0,0.0,0.0,0.0,0.0,7.0,0.5,0.0,0.0,0.0,2.5,1.0,3.5,0.0,0.0,3.5,3.5,1.5,0.0,0.0,0.0,0.0,0.0,7.0,0.5,0.0,0.0,0.0,2.5,1.0,1.5,1.5,1.5,1.5,1.5,3.5,3.5,3.5,1.5,1.5,7.5,1.5,1.5,1.5,1.5,1.5,1.5,0.0,1.5,1.5,1.5,0.0,0.0,0.0,0.0,0.0,5.5,0.5,0.0,0.0,0.0,1.0,1.0,1.5,1.5,1.5,0.0,0.0,0.0,0.0,0.0,5.5,0.5,0.0,0.0,0.0,1.0,1.0,1.5,1.5,3.5,3.5,3.5,1.5,1.5,7.5,1.5,1.5,1.5,1.5,1.5,1.5,1.5,3.5,3.5,3.5,1.5,1.5,7.5,1.5,1.5,1.5,1.5,1.5,1.5,1.5,1.5,1.5,1.5,1.5,7.5,1.5,1.5,1.5,1.5,1.5,1.5,0.0,0.0,0.0,0.0,7.0,0.5,0.0,0.0,0.0,2.5,1.0,0.0,0.0,0.0,7.0,0.5,0.0,0.0,0.0,2.5,1.0,0.0,0.0,7.0,0.5,0.0,0.0,0.0,2.5,1.0,0.0,5.5,0.5,0.0,0.0,0.0,1.0,1.0,5.5,0.5,0.0,0.0,0.0,1.0,1.0,7.5,5.5,5.5,5.5,5.5,5.5,0.5,0.5,0.5,1.5,1.5,0.0,0.0,1.0,1.0,0.0,1.0,1.0,1.0,1.0,1.0
8,0 0 1 0 0 0,9.5,9.5,9.5,9.5,9.5,9.5,9.5,9.5,9.5,9.5,9.5,9.5,9.5,9.5,9.5,9.5,9.5,9.5,9.5,9.5,9.5,9.5,9.5,9.5,9.5,9.5,9.5,9.5,9.5,9.5,9.5,9.5,9.5,9.5,9.5,9.5,9.5,9.5,9.5,9.5,9.5,9.5,9.5,9.5,9.5,9.5,9.5,9.5,1.5,1.5,1.5,1.5,1.5,1.5,0.0,0.0,0.0,5.5,5.5,5.5,0.5,1.0,1.0,1.0,1.0,1.0,9.5,9.5,9.5,9.5,9.5,9.5,9.5,9.5,9.5,9.5,9.5,9.5,9.5,9.5,9.5,9.5,9.5,9.5,9.5,9.5,9.5,9.5,9.5,9.5,9.5,9.5,9.5,9.5,9.5,9.5,9.5,9.5,9.5,9.5,9.5,9.5,9.5,9.5,9.5,9.5,9.5,9.5,9.5,9.5,9.5,9.5,9.5,9.5,9.5,9.5,9.5,9.5,9.5,9.5,9.5,9.5,9.5,1.5,1.5,1.5,1.5,1.5,3.5,3.5,3.5,7.5,7.5,7.5,1.5,1.5,1.5,1.5,1.5,1.5,1.5,1.5,1.5,1.5,3.5,3.5,3.5,7.5,7.5,7.5,1.5,1.5,1.5,1.5,1.5,1.5,1.5,1.5,1.5,3.5,3.5,3.5,7.5,7.5,7.5,1.5,1.5,1.5,1.5,1.5,1.5,1.5,1.5,3.5,3.5,3.5,7.5,7.5,7.5,1.5,1.5,1.5,1.5,1.5,1.5,1.5,3.5,3.5,3.5,7.5,7.5,7.5,1.5,1.5,1.5,1.5,1.5,1.5,3.5,3.5,3.5,7.5,7.5,7.5,1.5,1.5,1.5,1.5,1.5,1.5,0.0,0.0,7.0,7.0,7.0,0.5,2.5,2.5,2.5,2.5,1.0,0.0,7.0,7.0,7.0,0.5,2.5,2.5,2.5,2.5,1.0,7.0,7.0,7.0,0.5,2.5,2.5,2.5,2.5,1.0,5.5,5.5,7.5,5.5,5.5,5.5,5.5,5.5,5.5,7.5,5.5,5.5,5.5,5.5,5.5,7.5,5.5,5.5,5.5,5.5,5.5,1.5,1.5,1.5,1.5,1.5,1.0,1.0,1.0,1.0,1.0,1.0,1.0,1.0,1.0,1.0
9,0 0 1 0 0 1,9.5,9.5,9.5,9.5,9.5,9.5,9.5,9.5,9.5,9.5,9.5,9.5,9.5,9.5,9.5,9.5,9.5,9.5,9.5,9.5,9.5,9.5,9.5,9.5,9.5,9.5,9.5,9.5,9.5,9.5,9.5,9.5,9.5,9.5,9.5,9.5,9.5,9.5,9.5,9.5,9.5,9.5,9.5,9.5,9.5,9.5,9.5,9.5,1.5,1.5,1.5,1.5,1.5,1.5,0.0,0.0,0.0,5.5,5.5,5.5,0.5,0.0,0.0,0.0,1.0,1.0,9.5,9.5,9.5,9.5,9.5,9.5,9.5,9.5,9.5,9.5,9.5,9.5,9.5,9.5,9.5,9.5,9.5,9.5,9.5,9.5,9.5,9.5,9.5,9.5,9.5,9.5,9.5,9.5,9.5,9.5,9.5,9.5,9.5,9.5,9.5,9.5,9.5,9.5,9.5,9.5,9.5,9.5,9.5,9.5,9.5,9.5,9.5,9.5,9.5,9.5,9.5,9.5,9.5,9.5,9.5,9.5,9.5,1.5,1.5,1.5,1.5,1.5,3.5,3.5,3.5,7.5,7.5,7.5,1.5,1.5,1.5,1.5,1.5,1.5,1.5,1.5,1.5,1.5,3.5,3.5,3.5,7.5,7.5,7.5,1.5,1.5,1.5,1.5,1.5,1.5,1.5,1.5,1.5,3.5,3.5,3.5,7.5,7.5,7.5,1.5,1.5,1.5,1.5,1.5,1.5,1.5,1.5,3.5,3.5,3.5,7.5,7.5,7.5,1.5,1.5,1.5,1.5,1.5,1.5,1.5,3.5,3.5,3.5,7.5,7.5,7.5,1.5,1.5,1.5,1.5,1.5,1.5,1.5,1.5,1.5,7.5,7.5,7.5,1.5,1.5,1.5,1.5,1.5,1.5,0.0,0.0,7.0,7.0,7.0,0.5,0.0,0.0,0.0,2.5,1.0,0.0,7.0,7.0,7.0,0.5,0.0,0.0,0.0,2.5,1.0,7.0,7.0,7.0,0.5,0.0,0.0,0.0,2.5,1.0,5.5,5.5,7.5,5.5,5.5,5.5,5.5,5.5,5.5,7.5,5.5,5.5,5.5,5.5,5.5,7.5,5.5,5.5,5.5,5.5,5.5,0.5,0.5,0.5,1.5,1.5,0.0,0.0,1.0,1.0,0.0,1.0,1.0,1.0,1.0,1.0
10,0 0 1 0 1 0,7.0,7.0,7.0,7.0,7.0,9.5,7.0,7.0,9.5,9.5,9.5,7.0,7.0,7.0,7.0,7.0,7.0,9.5,7.0,7.0,7.0,7.0,7.0,7.0,7.0,7.0,7.0,9.5,7.0,7.0,9.5,9.5,9.5,7.0,7.0,7.0,7.0,7.0,7.0,9.5,7.0,7.0,7.0,7.0,7.0,7.0,7.0,7.0,1.5,0.0,0.0,1.5,1.5,1.5,0.0,0.0,0.0,5.5,5.5,5.5,0.5,1.0,1.0,1.0,1.0,1.0,7.0,7.0,9.5,7.0,7.0,9.5,9.5,9.5,7.0,7.0,7.0,7.0,7.0,7.0,9.5,7.0,7.0,7.0,7.0,7.0,7.0,9.5,7.0,7.0,9.5,9.5,9.5,7.0,7.0,7.0,7.0,7.0,7.0,9.5,7.0,7.0,7.0,7.0,7.0,9.5,7.0,7.0,9.5,9.5,9.5,7.0,7.0,7.0,7.0,7.0,7.0,9.5,7.0,7.0,7.0,7.0,7.0,1.5,1.5,1.5,1.5,1.5,3.5,3.5,3.5,7.5,7.5,7.5,1.5,1.5,1.5,1.5,1.5,1.5,0.0,1.5,1.5,1.5,0.0,0.0,0.0,5.5,5.5,5.5,0.5,1.0,1.0,1.0,1.0,1.0,1.5,1.5,1.5,0.0,0.0,0.0,5.5,5.5,5.5,0.5,1.0,1.0,1.0,1.0,1.0,1.5,1.5,3.5,3.5,3.5,7.5,7.5,7.5,1.5,1.5,1.5,1.5,1.5,1.5,1.5,3.5,3.5,3.5,7.5,7.5,7.5,1.5,1.5,1.5,1.5,1.5,1.5,3.5,3.5,3.5,7.5,7.5,7.5,1.5,1.5,1.5,1.5,1.5,1.5,0.0,0.0,7.0,7.0,7.0,0.5,2.5,2.5,2.5,2.5,1.0,0.0,7.0,7.0,7.0,0.5,2.5,2.5,2.5,2.5,1.0,7.0,7.0,7.0,0.5,2.5,2.5,2.5,2.5,1.0,5.5,5.5,7.5,5.5,5.5,5.5,5.5,5.5,5.5,7.5,5.5,5.5,5.5,5.5,5.5,7.5,5.5,5.5,5.5,5.5,5.5,1.5,1.5,1.5,1.5,1.5,1.0,1.0,1.0,1.0,1.0,1.0,1.0,1.0,1.0,1.0
11,0 0 1 0 1 1,7.0,7.0,7.0,7.0,7.0,9.5,7.0,7.0,9.5,9.5,9.5,7.0,7.0,7.0,7.0,7.0,7.0,9.5,7.0,7.0,7.0,7.0,7.0,7.0,7.0,7.0,7.0,9.5,7.0,7.0,9.5,9.5,9.5,7.0,7.0,7.0,7.0,7.0,7.0,9.5,7.0,7.0,7.0,7.0,7.0,7.0,7.0,7.0,1.5,0.0,0.0,1.5,1.5,1.5,0.0,0.0,0.0,5.5,5.5,5.5,0.5,0.0,0.0,0.0,1.0,1.0,7.0,7.0,9.5,7.0,7.0,9.5,9.5,9.5,7.0,7.0,7.0,7.0,7.0,7.0,9.5,7.0,7.0,7.0,7.0,7.0,7.0,9.5,7.0,7.0,9.5,9.5,9.5,7.0,7.0,7.0,7.0,7.0,7.0,9.5,7.0,7.0,7.0,7.0,7.0,9.5,7.0,7.0,9.5,9.5,9.5,7.0,7.0,7.0,7.0,7.0,7.0,9.5,7.0,7.0,7.0,7.0,7.0,1.5,1.5,1.5,1.5,1.5,3.5,3.5,3.5,7.5,7.5,7.5,1.5,1.5,1.5,1.5,1.5,1.5,0.0,1.5,1.5,1.5,0.0,0.0,0.0,5.5,5.5,5.5,0.5,0.0,0.0,0.0,1.0,1.0,1.5,1.5,1.5,0.0,0.0,0.0,5.5,5.5,5.5,0.5,0.0,0.0,0.0,1.0,1.0,1.5,1.5,3.5,3.5,3.5,7.5,7.5,7.5,1.5,1.5,1.5,1.5,1.5,1.5,1.5,3.5,3.5,3.5,7.5,7.5,7.5,1.5,1.5,1.5,1.5,1.5,1.5,1.5,1.5,1.5,7.5,7.5,7.5,1.5,1.5,1.5,1.5,1.5,1.5,0.0,0.0,7.0,7.0,7.0,0.5,0.0,0.0,0.0,2.5,1.0,0.0,7.0,7.0,7.0,0.5,0.0,0.0,0.0,2.5,1.0,7.0,7.0,7.0,0.5,0.0,0.0,0.0,2.5,1.0,5.5,5.5,7.5,5.5,5.5,5.5,5.5,5.5,5.5,7.5,5.5,5.5,5.5,5.5,5.5,7.5,5.5,5.5,5.5,5.5,5.5,0.5,0.5,0.5,1.5,1.5,0.0,0.0,1.0,1.0,0.0,1.0,1.0,1.0,1.0,1.0
12,0 0 1 1 0 0,3.5,3.5,3.5,3.5,3.5,3.5,3.5,3.5,3.5,3.5,3.5,3.5,3.5,3.5,3.5,3.5,9.5,3.5,3.5,3.5,3.5,3.5,3.5,3.5,3.5,3.5,3.5,3.5,3.5,3.5,3.5,3.5,3.5,3.5,3.5,3.5,3.5,3.5,9.5,3.5,3.5,3.5,3.5,3.5,3.5,3.5,3.5,3.5,1.5,1.5,1.5,1.5,1.5,1.5,0.0,0.0,0.0,0.0,0.0,5.5,0.5,1.0,1.0,1.0,1.0,1.0,3.5,3.5,3.5,3.5,3.5,3.5,3.5,3.5,3.5,3.5,3.5,3.5,3.5,9.5,3.5,3.5,3.5,3.5,3.5,3.5,3.5,3.5,3.5,3.5,3.5,3.5,3.5,3.5,3.5,3.5,3.5,3.5,9.5,3.5,3.5,3.5,3.5,3.5,3.5,3.5,3.5,3.5,3.5,3.5,3.5,3.5,3.5,3.5,3.5,3.5,9.5,3.5,3.5,3.5,3.5,3.5,3.5,1.5,1.5,1.5,1.5,1.5,3.5,3.5,3.5,1.5,1.5,7.5,1.5,1.5,1.5,1.5,1.5,1.5,1.5,1.5,1.5,1.5,3.5,3.5,3.5,1.5,1.5,7.5,1.5,1.5,1.5,1.5,1.5,1.5,1.5,1.5,1.5,3.5,3.5,3.5,1.5,1.5,7.5,1.5,1.5,1.5,1.5,1.5,1.5,1.5,1.5,3.5,3.5,3.5,1.5,1.5,7.5,1.5,1.5,1.5,1.5,1.5,1.5,1.5,3.5,3.5,3.5,1.5,1.5,7.5,1.5,1.5,1.5,1.5,1.5,1.5,3.5,3.5,3.5,1.5,1.5,7.5,1.5,1.5,1.5,1.5,1.5,1.5,0.0,0.0,0.0,0.0,7.0,0.5,2.5,2.5,2.5,2.5,1.0,0.0,0.0,0.0,7.0,0.5,2.5,2.5,2.5,2.5,1.0,0.0,0.0,7.0,0.5,2.5,2.5,2.5,2.5,1.0,0.0,5.5,0.5,1.0,1.0,1.0,1.0,1.0,5.5,0.5,1.0,1.0,1.0,1.0,1.0,7.5,5.5,5.5,5.5,5.5,5.5,1.5,1.5,1.5,1.5,1.5,1.0,1.0,1.0,1.0,1.0,1.0,1.0,1.0,1.0,1.0
13,0 0 1 1 0 1,3.5,3.5,3.5,3.5,3.5,3.5,3.5,3.5,3.5,3.5,3.5,3.5,3.5,3.5,3.5,3.5,9.5,3.5,3.5,3.5,3.5,3.5,3.5,3.5,3.5,3.5,3.5,3.5,3.5,3.5,3.5,3.5,3.5,3.5,3.5,3.5,3.5,3.5,9.5,3.5,3.5,3.5,3.5,3.5,3.5,3.5,3.5,3.5,1.5,1.5,1.5,1.5,1.5,1.5,0.0,0.0,0.0,0.0,0.0,5.5,0.5,0.0,0.0,0.0,1.0,1.0,3.5,3.5,3.5,3.5,3.5,3.5,3.5,3.5,3.5,3.5,3.5,3.5,3.5,9.5,3.5,3.5,3.5,3.5,3.5,3.5,3.5,3.5,3.5,3.5,3.5,3.5,3.5,3.5,3.5,3.5,3.5,3.5,9.5,3.5,3.5,3.5,3.5,3.5,3.5,3.5,3.5,3.5,3.5,3.5,3.5,3.5,3.5,3.5,3.5,3.5,9.5,3.5,3.5,3.5,3.5,3.5,3.5,1.5,1.5,1.5,1.5,1.5,3.5,3.5,3.5,1.5,1.5,7.5,1.5,1.5,1.5,1.5,1.5,1.5,1.5,1.5,1.5,1.5,3.5,3.5,3.5,1.5,1.5,7.5,1.5,1.5,1.5,1.5,1.5,1.5,1.5,1.5,1.5,3.5,3.5,3.5,1.5,1.5,7.5,1.5,1.5,1.5,1.5,1.5,1.5,1.5,1.5,3.5,3.5,3.5,1.5,1.5,7.5,1.5,1.5,1.5,1.5,1.5,1.5,1.5,3.5,3.5,3.5,1.5,1.5,7.5,1.5,1.5,1.5,1.5,1.5,1.5,1.5,1.5,1.5,1.5,1.5,7.5,1.5,1.5,1.5,1.5,1.5,1.5,0.0,0.0,0.0,0.0,7.0,0.5,0.0,0.0,0.0,2.5,1.0,0.0,0.0,0.0,7.0,0.5,0.0,0.0,0.0,2.5,1.0,0.0,0.0,7.0,0.5,0.0,0.0,0.0,2.5,1.0,0.0,5.5,0.5,0.0,0.0,0.0,1.0,1.0,5.5,0.5,0.0,0.0,0.0,1.0,1.0,7.5,5.5,5.5,5.5,5.5,5.5,0.5,0.5,0.5,1.5,1.5,0.0,0.0,1.0,1.0,0.0,1.0,1.0,1.0,1.0,1.0
14,0 0 1 1 1 0,0.0,0.0,0.0,0.0,0.0,3.5,0.0,0.0,3.5,3.5,3.5,0.0,0.0,0.0,0.0,0.0,7.0,0.5,2.5,2.5,2.5,2.5,1.0,0.0,0.0,0.0,0.0,3.5,0.0,0.0,3.5,3.5,3.5,0.0,0.0,0.0,0.0,0.0,7.0,0.5,2.5,2.5,2.5,2.5,1.0,0.0,0.0,0.0,1.5,0.0,0.0,1.5,1.5,1.5,0.0,0.0,0.0,0.0,0.0,5.5,0.5,1.0,1.0,1.0,1.0,1.0,0.0,0.0,3.5,0.0,0.0,3.5,3.5,3.5,0.0,0.0,0.0,0.0,0.0,7.0,0.5,2.5,2.5,2.5,2.5,1.0,0.0,3.5,0.0,0.0,3.5,3.5,3.5,0.0,0.0,0.0,0.0,0.0,7.0,0.5,2.5,2.5,2.5,2.5,1.0,3.5,0.0,0.0,3.5,3.5,3.5,0.0,0.0,0.0,0.0,0.0,7.0,0.5,2.5,2.5,2.5,2.5,1.0,1.5,1.5,1.5,1.5,1.5,3.5,3.5,3.5,1.5,1.5,7.5,1.5,1.5,1.5,1.5,1.5,1.5,0.0,1.5,1.5,1.5,0.0,0.0,0.0,0.0,0.0,5.5,0.5,1.0,1.0,1.0,1.0,1.0,1.5,1.5,1.5,0.0,0.0,0.0,0.0,0.0,5.5,0.5,1.0,1.0,1.0,1.0,1.0,1.5,1.5,3.5,3.5,3.5,1.5,1.5,7.5,1.5,1.5,1.5,1.5,1.5,1.5,1.5,3.5,3.5,3.5,1.5,1.5,7.5,1.5,1.5,1.5,1.5,1.5,1.5,3.5,3.5,3.5,1.5,1.5,7.5,1.5,1.5,1.5,1.5,1.5,1.5,0.0,0.0,0.0,0.0,7.0,0.5,2.5,2.5,2.5,2.5,1.0,0.0,0.0,0.0,7.0,0.5,2.5,2.5,2.5,2.5,1.0,0.0,0.0,7.0,0.5,2.5,2.5,2.5,2.5,1.0,0.0,5.5,0.5,1.0,1.0,1.0,1.0,1.0,5.5,0.5,1.0,1.0,1.0,1.0,1.0,7.5,5.5,5.5,5.5,5.5,5.5,1.5,1.5,1.5,1.5,1.5,1.0,1.0,1.0,1.0,1.0,1.0,1.0,1.0,1.0,1.0
15,0 0 1 1 1 1,0.0,0.0,0.0,0.0,0.0,3.5,0.0,0.0,3.5,3.5,1.5,0.0,0.0,0.0,0.0,0.0,7.0,0.5,0.0,0.0,0.0,2.5,1.0,0.0,0.0,0.0,0.0,3.5,0.0,0.0,3.5,3.5,1.5,0.0,0.0,0.0,0.0,0.0,7.0,0.5,0.0,0.0,0.0,2.5,1.0,0.0,0.0,0.0,1.5,0.0,0.0,1.5,1.5,1.5,0.0,0.0,0.0,0.0,0.0,5.5,0.5,0.0,0.0,0.0,1.0,1.0,0.0,0.0,3.5,0.0,0.0,3.5,3.5,1.5,0.0,0.0,0.0,0.0,0.0,7.0,0.5,0.0,0.0,0.0,2.5,1.0,0.0,3.5,0.0,0.0,3.5,3.5,1.5,0.0,0.0,0.0,0.0,0.0,7.0,0.5,0.0,0.0,0.0,2.5,1.0,3.5,0.0,0.0,3.5,3.5,1.5,0.0,0.0,0.0,0.0,0.0,7.0,0.5,0.0,0.0,0.0,2.5,1.0,1.5,1.5,1.5,1.5,1.5,3.5,3.5,3.5,1.5,1.5,7.5,1.5,1.5,1.5,1.5,1.5,1.5,0.0,1.5,1.5,1.5,0.0,0.0,0.0,0.0,0.0,5.5,0.5,0.0,0.0,0.0,1.0,1.0,1.5,1.5,1.5,0.0,0.0,0.0,0.0,0.0,5.5,0.5,0.0,0.0,0.0,1.0,1.0,1.5,1.5,3.5,3.5,3.5,1.5,1.5,7.5,1.5,1.5,1.5,1.5,1.5,1.5,1.5,3.5,3.5,3.5,1.5,1.5,7.5,1.5,1.5,1.5,1.5,1.5,1.5,1.5,1.5,1.5,1.5,1.5,7.5,1.5,1.5,1.5,1.5,1.5,1.5,0.0,0.0,0.0,0.0,7.0,0.5,0.0,0.0,0.0,2.5,1.0,0.0,0.0,0.0,7.0,0.5,0.0,0.0,0.0,2.5,1.0,0.0,0.0,7.0,0.5,0.0,0.0,0.0,2.5,1.0,0.0,5.5,0.5,0.0,0.0,0.0,1.0,1.0,5.5,0.5,0.0,0.0,0.0,1.0,1.0,7.5,5.5,5.5,5.5,5.5,5.5,0.5,0.5,0.5,1.5,1.5,0.0,0.0,1.0,1.0,0.0,1.0,1.0,1.0,1.0,1.0
16,0 1 0 0 0 0,9.5,9.5,0.0,9.5,9.5,1.5,1.5,1.5,1.5,1.5,1.5,0.0,0.0,0.0,5.5,5.5,5.5,0.5,1.0,1.0,1.0,1.0,1.0,9.5,9.5,9.5,9.5,9.5,9.5,9.5,9.5,9.5,9.5,9.5,9.5,9.5,9.5,9.5,9.5,9.5,9.5,9.5,9.5,9.5,9.5,9.5,9.5,9.5,9.5,9.5,9.5,9.5,9.5,9.5,9.5,9.5,9.5,9.5,9.5,9.5,9.5,9.5,9.5,9.5,9.5,9.5,9.5,9.5,1.5,1.5,1.5,1.5,1.5,1.5,0.0,0.0,0.0,5.5,5.5,5.5,0.5,1.0,1.0,1.0,1.0,1.0,9.5,9.5,9.5,9.5,9.5,9.5,9.5,9.5,9.5,9.5,9.5,9.5,9.5,9.5,9.5,9.5,9.5,9.5,9.5,9.5,9.5,9.5,9.5,9.5,9.5,9.5,9.5,9.5,9.5,9.5,9.5,9.5,9.5,9.5,9.5,9.5,9.5,1.5,1.5,1.5,1.5,1.5,3.5,3.5,3.5,7.5,7.5,7.5,1.5,1.5,1.5,1.5,1.5,1.5,1.5,1.5,1.5,1.5,3.5,3.5,3.5,7.5,7.5,7.5,1.5,1.5,1.5,1.5,1.5,1.5,1.5,1.5,1.5,3.5,3.5,3.5,7.5,7.5,7.5,1.5,1.5,1.5,1.5,1.5,1.5,1.5,1.5,3.5,3.5,3.5,7.5,7.5,7.5,1.5,1.5,1.5,1.5,1.5,1.5,1.5,3.5,3.5,3.5,7.5,7.5,7.5,1.5,1.5,1.5,1.5,1.5,1.5,3.5,3.5,3.5,7.5,7.5,7.5,1.5,1.5,1.5,1.5,1.5,1.5,0.0,0.0,7.0,7.0,7.0,0.5,2.5,2.5,2.5,2.5,1.0,0.0,7.0,7.0,7.0,0.5,2.5,2.5,2.5,2.5,1.0,7.0,7.0,7.0,0.5,2.5,2.5,2.5,2.5,1.0,5.5,5.5,7.5,5.5,5.5,5.5,5.5,5.5,5.5,7.5,5.5,5.5,5.5,5.5,5.5,7.5,5.5,5.5,5.5,5.5,5.5,1.5,1.5,1.5,1.5,1.5,1.0,1.0,1.0,1.0,1.0,1.0,1.0,1.0,1.0,1.0
17,0 1 0 0 0 1,9.5,9.5,0.0,9.5,9.5,1.5,1.5,1.5,1.5,1.5,1.5,0.0,0.0,0.0,5.5,5.5,5.5,0.5,0.0,0.0,0.0,1.0,1.0,9.5,9.5,9.5,9.5,9.5,9.5,9.5,9.5,9.5,9.5,9.5,9.5,9.5,9.5,9.5,9.5,9.5,9.5,9.5,9.5,9.5,9.5,9.5,9.5,9.5,9.5,9.5,9.5,9.5,9.5,9.5,9.5,9.5,9.5,9.5,9.5,9.5,9.5,9.5,9.5,9.5,9.5,9.5,9.5,9.5,1.5,1.5,1.5,1.5,1.5,1.5,0.0,0.0,0.0,5.5,5.5,5.5,0.5,0.0,0.0,0.0,1.0,1.0,9.5,9.5,9.5,9.5,9.5,9.5,9.5,9.5,9.5,9.5,9.5,9.5,9.5,9.5,9.5,9.5,9.5,9.5,9.5,9.5,9.5,9.5,9.5,9.5,9.5,9.5,9.5,9.5,9.5,9.5,9.5,9.5,9.5,9.5,9.5,9.5,9.5,1.5,1.5,1.5,1.5,1.5,3.5,3.5,3.5,7.5,7.5,7.5,1.5,1.5,1.5,1.5,1.5,1.5,1.5,1.5,1.5,1.5,3.5,3.5,3.5,7.5,7.5,7.5,1.5,1.5,1.5,1.5,1.5,1.5,1.5,1.5,1.5,3.5,3.5,3.5,7.5,7.5,7.5,1.5,1.5,1.5,1.5,1.5,1.5,1.5,1.5,3.5,3.5,3.5,7.5,7.5,7.5,1.5,1.5,1.5,1.5,1.5,1.5,1.5,3.5,3.5,3.5,7.5,7.5,7.5,1.5,1.5,1.5,1.5,1.5,1.5,1.5,1.5,1.5,7.5,7.5,7.5,1.5,1.5,1.5,1.5,1.5,1.5,0.0,0.0,7.0,7.0,7.0,0.5,0.0,0.0,0.0,2.5,1.0,0.0,7.0,7.0,7.0,0.5,0.0,0.0,0.0,2.5,1.0,7.0,7.0,7.0,0.5,0.0,0.0,0.0,2.5,1.0,5.5,5.5,7.5,5.5,5.5,5.5,5.5,5.5,5.5,7.5,5.5,5.5,5.5,5.5,5.5,7.5,5.5,5.5,5.5,5.5,5.5,0.5,0.5,0.5,1.5,1.5,0.0,0.0,1.0,1.0,0.0,1.0,1.0,1.0,1.0,1.0
18,0 1 0 0 1 0,7.0,7.0,0.0,7.0,7.0,1.5,0.0,0.0,1.5,1.5,1.5,0.0,0.0,0.0,5.5,5.5,5.5,0.5,1.0,1.0,1.0,1.0,1.0,7.0,7.0,7.0,7.0,9.5,7.0,7.0,9.5,9.5,9.5,7.0,7.0,7.0,7.0,7.0,7.0,9.5,7.0,7.0,7.0,7.0,7.0,7.0,7.0,7.0,9.5,7.0,7.0,9.5,9.5,9.5,7.0,7.0,7.0,7.0,7.0,7.0,9.5,7.0,7.0,7.0,7.0,7.0,7.0,7.0,1.5,0.0,0.0,1.5,1.5,1.5,0.0,0.0,0.0,5.5,5.5,5.5,0.5,1.0,1.0,1.0,1.0,1.0,7.0,9.5,7.0,7.0,9.5,9.5,9.5,7.0,7.0,7.0,7.0,7.0,7.0,9.5,7.0,7.0,7.0,7.0,7.0,9.5,7.0,7.0,9.5,9.5,9.5,7.0,7.0,7.0,7.0,7.0,7.0,9.5,7.0,7.0,7.0,7.0,7.0,1.5,1.5,1.5,1.5,1.5,3.5,3.5,3.5,7.5,7.5,7.5,1.5,1.5,1.5,1.5,1.5,1.5,0.0,1.5,1.5,1.5,0.0,0.0,0.0,5.5,5.5,5.5,0.5,1.0,1.0,1.0,1.0,1.0,1.5,1.5,1.5,0.0,0.0,0.0,5.5,5.5,5.5,0.5,1.0,1.0,1.0,1.0,1.0,1.5,1.5,3.5,3.5,3.5,7.5,7.5,7.5,1.5,1.5,1.5,1.5,1.5,1.5,1.5,3.5,3.5,3.5,7.5,7.5,7.5,1.5,1.5,1.5,1.5,1.5,1.5,3.5,3.5,3.5,7.5,7.5,7.5,1.5,1.5,1.5,1.5,1.5,1.5,0.0,0.0,7.0,7.0,7.0,0.5,2.5,2.5,2.5,2.5,1.0,0.0,7.0,7.0,7.0,0.5,2.5,2.5,2.5,2.5,1.0,7.0,7.0,7.0,0.5,2.5,2.5,2.5,2.5,1.0,5.5,5.5,7.5,5.5,5.5,5.5,5.5,5.5,5.5,7.5,5.5,5.5,5.5,5.5,5.5,7.5,5.5,5.5,5.5,5.5,5.5,1.5,1.5,1.5,1.5,1.5,1.0,1.0,1.0,1.0,1.0,1.0,1.0,1.0,1.0,1.0
19,0 1 0 0 1 1,7.0,7.0,0.0,7.0,7.0,1.5,0.0,0.0,1.5,1.5,1.5,0.0,0.0,0.0,5.5,5.5,5.5,0.5,0.0,0.0,0.0,1.0,1.0,7.0,7.0,7.0,7.0,9.5,7.0,7.0,9.5,9.5,9.5,7.0,7.0,7.0,7.0,7.0,7.0,9.5,7.0,7.0,7.0,7.0,7.0,7.0,7.0,7.0,9.5,7.0,7.0,9.5,9.5,9.5,7.0,7.0,7.0,7.0,7.0,7.0,9.5,7.0,7.0,7.0,7.0,7.0,7.0,7.0,1.5,0.0,0.0,1.5,1.5,1.5,0.0,0.0,0.0,5.5,5.5,5.5,0.5,0.0,0.0,0.0,1.0,1.0,7.0,9.5,7.0,7.0,9.5,9.5,9.5,7.0,7.0,7.0,7.0,7.0,7.0,9.5,7.0,7.0,7.0,7.0,7.0,9.5,7.0,7.0,9.5,9.5,9.5,7.0,7.0,7.0,7.0,7.0,7.0,9.5,7.0,7.0,7.0,7.0,7.0,1.5,1.5,1.5,1.5,1.5,3.5,3.5,3.5,7.5,7.5,7.5,1.5,1.5,1.5,1.5,1.5,1.5,0.0,1.5,1.5,1.5,0.0,0.0,0.0,5.5,5.5,5.5,0.5,0.0,0.0,0.0,1.0,1.0,1.5,1.5,1.5,0.0,0.0,0.0,5.5,5.5,5.5,0.5,0.0,0.0,0.0,1.0,1.0,1.5,1.5,3.5,3.5,3.5,7.5,7.5,7.5,1.5,1.5,1.5,1.5,1.5,1.5,1.5,3.5,3.5,3.5,7.5,7.5,7.5,1.5,1.5,1.5,1.5,1.5,1.5,1.5,1.5,1.5,7.5,7.5,7.5,1.5,1.5,1.5,1.5,1.5,1.5,0.0,0.0,7.0,7.0,7.0,0.5,0.0,0.0,0.0,2.5,1.0,0.0,7.0,7.0,7.0,0.5,0.0,0.0,0.0,2.5,1.0,7.0,7.0,7.0,0.5,0.0,0.0,0.0,2.5,1.0,5.5,5.5,7.5,5.5,5.5,5.5,5.5,5.5,5.5,7.5,5.5,5.5,5.5,5.5,5.5,7.5,5.5,5.5,5.5,5.5,5.5,0.5,0.5,0.5,1.5,1.5,0.0,0.0,1.0,1.0,0.0,1.0,1.0,1.0,1.0,1.0
20,0 1 0 1 0 0,3.5,3.5,0.0,3.5,3.5,1.5,1.5,1.5,1.5,1.5,1.5,0.0,0.0,0.0,0.0,0.0,5.5,0.5,1.0,1.0,1.0,1.0,1.0,3.5,3.5,3.5,3.5,3.5,3.5,3.5,3.5,3.5,3.5,3.5,3.5,3.5,3.5,3.5,9.5,3.5,3.5,3.5,3.5,3.5,3.5,3.5,3.5,3.5,3.5,3.5,3.5,3.5,3.5,3.5,3.5,3.5,3.5,3.5,3.5,9.5,3.5,3.5,3.5,3.5,3.5,3.5,3.5,3.5,1.5,1.5,1.5,1.5,1.5,1.5,0.0,0.0,0.0,0.0,0.0,5.5,0.5,1.0,1.0,1.0,1.0,1.0,3.5,3.5,3.5,3.5,3.5,3.5,3.5,3.5,3.5,3.5,3.5,3.5,9.5,3.5,3.5,3.5,3.5,3.5,3.5,3.5,3.5,3.5,3.5,3.5,3.5,3.5,3.5,3.5,3.5,3.5,9.5,3.5,3.5,3.5,3.5,3.5,3.5,1.5,1.5,1.5,1.5,1.5,3.5,3.5,3.5,1.5,1.5,7.5,1.5,1.5,1.5,1.5,1.5,1.5,1.5,1.5,1.5,1.5,3.5,3.5,3.5,1.5,1.5,7.5,1.5,1.5,1.5,1.5,1.5,1.5,1.5,1.5,1.5,3.5,3.5,3.5,1.5,1.5,7.5,1.5,1.5,1.5,1.5,1.5,1.5,1.5,1.5,3.5,3.5,3.5,1.5,1.5,7.5,1.5,1.5,1.5,1.5,1.5,1.5,1.5,3.5,3.5,3.5,1.5,1.5,7.5,1.5,1.5,1.5,1.5,1.5,1.5,3.5,3.5,3.5,1.5,1.5,7.5,1.5,1.5,1.5,1.5,1.5,1.5,0.0,0.0,0.0,0.0,7.0,0.5,2.5,2.5,2.5,2.5,1.0,0.0,0.0,0.0,7.0,0.5,2.5,2.5,2.5,2.5,1.0,0.0,0.0,7.0,0.5,2.5,2.5,2.5,2.5,1.0,0.0,5.5,0.5,1.0,1.0,1.0,1.0,1.0,5.5,0.5,1.0,1.0,1.0,1.0,1.0,7.5,5.5,5.5,5.5,5.5,5.5,1.5,1.5,1.5,1.5,1.5,1.0,1.0,1.0,1.0,1.0,1.0,1.0,1.0,1.0,1.0
21,0 1 0 1 0 1,3.5,3.5,0.0,3.5,3.5,1.5,1.5,1.5,1.5,1.5,1.5,0.0,0.0,0.0,0.0,0.0,5.5,0.5,0.0,0.0,0.0,1.0,1.0,3.5,3.5,3.5,3.5,3.5,3.5,3.5,3.5,3.5,3.5,3.5,3.5,3.5,3.5,3.5,9.5,3.5,3.5,3.5,3.5,3.5,3.5,3.5,3.5,3.5,3.5,3.5,3.5,3.5,3.5,3.5,3.5,3.5,3.5,3.5,3.5,9.5,3.5,3.5,3.5,3.5,3.5,3.5,3.5,3.5,1.5,1.5,1.5,1.5,1.5,1.5,0.0,0.0,0.0,0.0,0.0,5.5,0.5,0.0,0.0,0.0,1.0,1.0,3.5,3.5,3.5,3.5,3.5,3.5,3.5,3.5,3.5,3.5,3.5,3.5,9.5,3.5,3.5,3.5,3.5,3.5,3.5,3.5,3.5,3.5,3.5,3.5,3.5,3.5,3.5,3.5,3.5,3.5,9.5,3.5,3.5,3.5,3.5,3.5,3.5,1.5,1.5,1.5,1.5,1.5,3.5,3.5,3.5,1.5,1.5,7.5,1.5,1.5,1.5,1.5,1.5,1.5,1.5,1.5,1.5,1.5,3.5,3.5,3.5,1.5,1.5,7.5,1.5,1.5,1.5,1.5,1.5,1.5,1.5,1.5,1.5,3.5,3.5,3.5,1.5,1.5,7.5,1.5,1.5,1.5,1.5,1.5,1.5,1.5,1.5,3.5,3.5,3.5,1.5,1.5,7.5,1.5,1.5,1.5,1.5,1.5,1.5,1.5,3.5,3.5,3.5,1.5,1.5,7.5,1.5,1.5,1.5,1.5,1.5,1.5,1.5,1.5,1.5,1.5,1.5,7.5,1.5,1.5,1.5,1.5,1.5,1.5,0.0,0.0,0.0,0.0,7.0,0.5,0.0,0.0,0.0,2.5,1.0,0.0,0.0,0.0,7.0,0.5,0.0,0.0,0.0,2.5,1.0,0.0,0.0,7.0,0.5,0.0,0.0,0.0,2.5,1.0,0.0,5.5,0.5,0.0,0.0,0.0,1.0,1.0,5.5,0.5,0.0,0.0,0.0,1.0,1.0,7.5,5.5,5.5,5.5,5.5,5.5,0.5,0.5,0.5,1.5,1.5,0.0,0.0,1.0,1.0,0.0,1.0,1.0,1.0,1.0,1.0
22,0 1 0 1 1 0,0.0,0.0,0.0,0.0,0.0,1.5,0.0,0.0,1.5,1.5,1.5,0.0,0.0,0.0,0.0,0.0,5.5,0.5,1.0,1.0,1.0,1.0,1.0,0.0,0.0,0.0,0.0,3.5,0.0,0.0,3.5,3.5,3.5,0.0,0.0,0.0,0.0,0.0,7.0,0.5,2.5,2.5,2.5,2.5,1.0,0.0,0.0,0.0,3.5,0.0,0.0,3.5,3.5,3.5,0.0,0.0,0.0,0.0,0.0,7.0,0.5,2.5,2.5,2.5,2.5,1.0,0.0,0.0,1.5,0.0,0.0,1.5,1.5,1.5,0.0,0.0,0.0,0.0,0.0,5.5,0.5,1.0,1.0,1.0,1.0,1.0,0.0,3.5,0.0,0.0,3.5,3.5,3.5,0.0,0.0,0.0,0.0,0.0,7.0,0.5,2.5,2.5,2.5,2.5,1.0,3.5,0.0,0.0,3.5,3.5,3.5,0.0,0.0,0.0,0.0,0.0,7.0,0.5,2.5,2.5,2.5,2.5,1.0,1.5,1.5,1.5,1.5,1.5,3.5,3.5,3.5,1.5,1.5,7.5,1.5,1.5,1.5,1.5,1.5,1.5,0.0,1.5,1.5,1.5,0.0,0.0,0.0,0.0,0.0,5.5,0.5,1.0,1.0,1.0,1.0,1.0,1.5,1.5,1.5,0.0,0.0,0.0,0.0,0.0,5.5,0.5,1.0,1.0,1.0,1.0,1.0,1.5,1.5,3.5,3.5,3.5,1.5,1.5,7.5,1.5,1.5,1.5,1.5,1.5,1.5,1.5,3.5,3.5,3.5,1.5,1.5,7.5,1.5,1.5,1.5,1.5,1.5,1.5,3.5,3.5,3.5,1.5,1.5,7.5,1.5,1.5,1.5,1.5,1.5,1.5,0.0,0.0,0.0,0.0,7.0,0.5,2.5,2.5,2.5,2.5,1.0,0.0,0.0,0.0,7.0,0.5,2.5,2.5,2.5,2.5,1.0,0.0,0.0,7.0,0.5,2.5,2.5,2.5,2.5,1.0,0.0,5.5,0.5,1.0,1.0,1.0,1.0,1.0,5.5,0.5,1.0,1.0,1.0,1.0,1.0,7.5,5.5,5.5,5.5,5.5,5.5,1.5,1.5,1.5,1.5,1.5,1.0,1.0,1.0,1.0,1.0,1.0,1.0,1.0,1.0,1.0
23,0 1 0 1 1 1,0.0,0.0,0.0,0.0,0.0,1.5,0.0,0.0,1.5,1.5,1.5,0.0,0.0,0.0,0.0,0.0,5.5,0.5,0.0,0.0,0.0,1.0,1.0,0.0,0.0,0.0,0.0,3.5,0.0,0.0,3.5,3.5,1.5,0.0,0.0,0.0,0.0,0.0,7.0,0.5,0.0,0.0,0.0,2.5,1.0,0.0,0.0,0.0,3.5,0.0,0.0,3.5,3.5,1.5,0.0,0.0,0.0,0.0,0.0,7.0,0.5,0.0,0.0,0.0,2.5,1.0,0.0,0.0,1.5,0.0,0.0,1.5,1.5,1.5,0.0,0.0,0.0,0.0,0.0,5.5,0.5,0.0,0.0,0.0,1.0,1.0,0.0,3.5,0.0,0.0,3.5,3.5,1.5,0.0,0.0,0.0,0.0,0.0,7.0,0.5,0.0,0.0,0.0,2.5,1.0,3.5,0.0,0.0,3.5,3.5,1.5,0.0,0.0,0.0,0.0,0.0,7.0,0.5,0.0,0.0,0.0,2.5,1.0,1.5,1.5,1.5,1.5,1.5,3.5,3.5,3.5,1.5,1.5,7.5,1.5,1.5,1.5,1.5,1.5,1.5,0.0,1.5,1.5,1.5,0.0,0.0,0.0,0.0,0.0,5.5,0.5,0.0,0.0,0.0,1.0,1.0,1.5,1.5,1.5,0.0,0.0,0.0,0.0,0.0,5.5,0.5,0.0,0.0,0.0,1.0,1.0,1.5,1.5,3.5,3.5,3.5,1.5,1.5,7.5,1.5,1.5,1.5,1.5,1.5,1.5,1.5,3.5,3.5,3.5,1.5,1.5,7.5,1.5,1.5,1.5,1.5,1.5,1.5,1.5,1.5,1.5,1.5,1.5,7.5,1.5,1.5,1.5,1.5,1.5,1.5,0.0,0.0,0.0,0.0,7.0,0.5,0.0,0.0,0.0,2.5,1.0,0.0,0.0,0.0,7.0,0.5,0.0,0.0,0.0,2.5,1.0,0.0,0.0,7.0,0.5,0.0,0.0,0.0,2.5,1.0,0.0,5.5,0.5,0.0,0.0,0.0,1.0,1.0,5.5,0.5,0.0,0.0,0.0,1.0,1.0,7.5,5.5,5.5,5.5,5.5,5.5,0.5,0.5,0.5,1.5,1.5,0.0,0.0,1.0,1.0,0.0,1.0,1.0,1.0,1.0,1.0
24,0 1 1 0 0 0,9.5,0.0,0.0,9.5,9.5,1.5,1.5,1.5,1.5,1.5,1.5,0.0,0.0,0.0,5.5,5.5,5.5,0.5,1.0,1.0,1.0,1.0,1.0,9.5,9.5,9.5,9.5,9.5,9.5,9.5,9.5,9.5,9.5,9.5,9.5,9.5,9.5,9.5,9.5,9.5,9.5,9.5,9.5,9.5,9.5,0.0,9.5,9.5,1.5,1.5,1.5,1.5,1.5,1.5,0.0,0.0,0.0,5.5,5.5,5.5,0.5,1.0,1.0,1.0,1.0,1.0,9.5,9.5,1.5,1.5,1.5,1.5,1.5,1.5,0.0,0.0,0.0,5.5,5.5,5.5,0.5,1.0,1.0,1.0,1.0,1.0,9.5,9.5,9.5,9.5,9.5,9.5,9.5,9.5,9.5,9.5,9.5,9.5,9.5,9.5,9.5,9.5,9.5,9.5,9.5,9.5,9.5,9.5,9.5,9.5,9.5,9.5,9.5,9.5,9.5,9.5,9.5,9.5,9.5,9.5,9.5,9.5,9.5,1.5,1.5,1.5,1.5,1.5,3.5,3.5,3.5,7.5,7.5,7.5,1.5,1.5,1.5,1.5,1.5,1.5,1.5,1.5,1.5,1.5,3.5,3.5,3.5,7.5,7.5,7.5,1.5,1.5,1.5,1.5,1.5,1.5,1.5,1.5,1.5,3.5,3.5,3.5,7.5,7.5,7.5,1.5,1.5,1.5,1.5,1.5,1.5,1.5,1.5,3.5,3.5,3.5,7.5,7.5,7.5,1.5,1.5,1.5,1.5,1.5,1.5,1.5,3.5,3.5,3.5,7.5,7.5,7.5,1.5,1.5,1.5,1.5,1.5,1.5,3.5,3.5,3.5,7.5,7.5,7.5,1.5,1.5,1.5,1.5,1.5,1.5,0.0,0.0,7.0,7.0,7.0,0.5,2.5,2.5,2.5,2.5,1.0,0.0,7.0,7.0,7.0,0.5,2.5,2.5,2.5,2.5,1.0,7.0,7.0,7.0,0.5,2.5,2.5,2.5,2.5,1.0,5.5,5.5,7.5,5.5,5.5,5.5,5.5,5.5,5.5,7.5,5.5,5.5,5.5,5.5,5.5,7.5,5.5,5.5,5.5,5.5,5.5,1.5,1.5,1.5,1.5,1.5,1.0,1.0,1.0,1.0,1.0,1.0,1.0,1.0,1.0,1.0
25,0 1 1 0 0 1,9.5,0.0,0.0,9.5,9.5,1.5,1.5,1.5,1.5,1.5,1.5,0.0,0.0,0.0,5.5,5.5,5.5,0.5,0.0,0.0,0.0,1.0,1.0,9.5,9.5,9.5,9.5,9.5,9.5,9.5,9.5,9.5,9.5,9.5,9.5,9.5,9.5,9.5,9.5,9.5,9.5,9.5,9.5,9.5,9.5,0.0,9.5,9.5,1.5,1.5,1.5,1.5,1.5,1.5,0.0,0.0,0.0,5.5,5.5,5.5,0.5,0.0,0.0,0.0,1.0,1.0,9.5,9.5,1.5,1.5,1.5,1.5,1.5,1.5,0.0,0.0,0.0,5.5,5.5,5.5,0.5,0.0,0.0,0.0,1.0,1.0,9.5,9.5,9.5,9.5,9.5,9.5,9.5,9.5,9.5,9.5,9.5,9.5,9.5,9.5,9.5,9.5,9.5,9.5,9.5,9.5,9.5,9.5,9.5,9.5,9.5,9.5,9.5,9.5,9.5,9.5,9.5,9.5,9.5,9.5,9.5,9.5,9.5,1.5,1.5,1.5,1.5,1.5,3.5,3.5,3.5,7.5,7.5,7.5,1.5,1.5,1.5,1.5,1.5,1.5,1.5,1.5,1.5,1.5,3.5,3.5,3.5,7.5,7.5,7.5,1.5,1.5,1.5,1.5,1.5,1.5,1.5,1.5,1.5,3.5,3.5,3.5,7.5,7.5,7.5,1.5,1.5,1.5,1.5,1.5,1.5,1.5,1.5,3.5,3.5,3.5,7.5,7.5,7.5,1.5,1.5,1.5,1.5,1.5,1.5,1.5,3.5,3.5,3.5,7.5,7.5,7.5,1.5,1.5,1.5,1.5,1.5,1.5,1.5,1.5,1.5,7.5,7.5,7.5,1.5,1.5,1.5,1.5,1.5,1.5,0.0,0.0,7.0,7.0,7.0,0.5,0.0,0.0,0.0,2.5,1.0,0.0,7.0,7.0,7.0,0.5,0.0,0.0,0.0,2.5,1.0,7.0,7.0,7.0,0.5,0.0,0.0,0.0,2.5,1.0,5.5,5.5,7.5,5.5,5.5,5.5,5.5,5.5,5.5,7.5,5.5,5.5,5.5,5.5,5.5,7.5,5.5,5.5,5.5,5.5,5.5,0.5,0.5,0.5,1.5,1.5,0.0,0.0,1.0,1.0,0.0,1.0,1.0,1.0,1.0,1.0
26,0 1 1 0 1 0,7.0,0.0,0.0,7.0,7.0,1.5,0.0,0.0,1.5,1.5,1.5,0.0,0.0,0.0,5.5,5.5,5.5,0.5,1.0,1.0,1.0,1.0,1.0,7.0,7.0,7.0,7.0,9.5,7.0,7.0,9.5,9.5,9.5,7.0,7.0,7.0,7.0,7.0,7.0,9.5,7.0,7.0,7.0,7.0,7.0,0.0,7.0,7.0,1.5,0.0,0.0,1.5,1.5,1.5,0.0,0.0,0.0,5.5,5.5,5.5,0.5,1.0,1.0,1.0,1.0,1.0,7.0,7.0,1.5,0.0,0.0,1.5,1.5,1.5,0.0,0.0,0.0,5.5,5.5,5.5,0.5,1.0,1.0,1.0,1.0,1.0,7.0,9.5,7.0,7.0,9.5,9.5,9.5,7.0,7.0,7.0,7.0,7.0,7.0,9.5,7.0,7.0,7.0,7.0,7.0,9.5,7.0,7.0,9.5,9.5,9.5,7.0,7.0,7.0,7.0,7.0,7.0,9.5,7.0,7.0,7.0,7.0,7.0,1.5,1.5,1.5,1.5,1.5,3.5,3.5,3.5,7.5,7.5,7.5,1.5,1.5,1.5,1.5,1.5,1.5,0.0,1.5,1.5,1.5,0.0,0.0,0.0,5.5,5.5,5.5,0.5,1.0,1.0,1.0,1.0,1.0,1.5,1.5,1.5,0.0,0.0,0.0,5.5,5.5,5.5,0.5,1.0,1.0,1.0,1.0,1.0,1.5,1.5,3.5,3.5,3.5,7.5,7.5,7.5,1.5,1.5,1.5,1.5,1.5,1.5,1.5,3.5,3.5,3.5,7.5,7.5,7.5,1.5,1.5,1.5,1.5,1.5,1.5,3.5,3.5,3.5,7.5,7.5,7.5,1.5,1.5,1.5,1.5,1.5,1.5,0.0,0.0,7.0,7.0,7.0,0.5,2.5,2.5,2.5,2.5,1.0,0.0,7.0,7.0,7.0,0.5,2.5,2.5,2.5,2.5,1.0,7.0,7.0,7.0,0.5,2.5,2.5,2.5,2.5,1.0,5.5,5.5,7.5,5.5,5.5,5.5,5.5,5.5,5.5,7.5,5.5,5.5,5.5,5.5,5.5,7.5,5.5,5.5,5.5,5.5,5.5,1.5,1.5,1.5,1.5,1.5,1.0,1.0,1.0,1.0,1.0,1.0,1.0,1.0,1.0,1.0
27,0 1 1 0 1 1,7.0,0.0,0.0,7.0,7.0,1.5,0.0,0.0,1.5,1.5,1.5,0.0,0.0,0.0,5.5,5.5,5.5,0.5,0.0,0.0,0.0,1.0,1.0,7.0,7.0,7.0,7.0,9.5,7.0,7.0,9.5,9.5,9.5,7.0,7.0,7.0,7.0,7.0,7.0,9.5,7.0,7.0,7.0,7.0,7.0,0.0,7.0,7.0,1.5,0.0,0.0,1.5,1.5,1.5,0.0,0.0,0.0,5.5,5.5,5.5,0.5,0.0,0.0,0.0,1.0,1.0,7.0,7.0,1.5,0.0,0.0,1.5,1.5,1.5,0.0,0.0,0.0,5.5,5.5,5.5,0.5,0.0,0.0,0.0,1.0,1.0,7.0,9.5,7.0,7.0,9.5,9.5,9.5,7.0,7.0,7.0,7.0,7.0,7.0,9.5,7.0,7.0,7.0,7.0,7.0,9.5,7.0,7.0,9.5,9.5,9.5,7.0,7.0,7.0,7.0,7.0,7.0,9.5,7.0,7.0,7.0,7.0,7.0,1.5,1.5,1.5,1.5,1.5,3.5,3.5,3.5,7.5,7.5,7.5,1.5,1.5,1.5,1.5,1.5,1.5,0.0,1.5,1.5,1.5,0.0,0.0,0.0,5.5,5.5,5.5,0.5,0.0,0.0,0.0,1.0,1.0,1.5,1.5,1.5,0.0,0.0,0.0,5.5,5.5,5.5,0.5,0.0,0.0,0.0,1.0,1.0,1.5,1.5,3.5,3.5,3.5,7.5,7.5,7.5,1.5,1.5,1.5,1.5,1.5,1.5,1.5,3.5,3.5,3.5,7.5,7.5,7.5,1.5,1.5,1.5,1.5,1.5,1.5,1.5,1.5,1.5,7.5,7.5,7.5,1.5,1.5,1.5,1.5,1.5,1.5,0.0,0.0,7.0,7.0,7.0,0.5,0.0,0.0,0.0,2.5,1.0,0.0,7.0,7.0,7.0,0.5,0.0,0.0,0.0,2.5,1.0,7.0,7.0,7.0,0.5,0.0,0.0,0.0,2.5,1.0,5.5,5.5,7.5,5.5,5.5,5.5,5.5,5.5,5.5,7.5,5.5,5.5,5.5,5.5,5.5,7.5,5.5,5.5,5.5,5.5,5.5,0.5,0.5,0.5,1.5,1.5,0.0,0.0,1.0,1.0,0.0,1.0,1.0,1.0,1.0,1.0
28,0 1 1 1 0 0,3.5,0.0,0.0,3.5,3.5,1.5,1.5,1.5,1.5,1.5,1.5,0.0,0.0,0.0,0.0,0.0,5.5,0.5,1.0,1.0,1.0,1.0,1.0,3.5,3.5,3.5,3.5,3.5,3.5,3.5,3.5,3.5,3.5,3.5,3.5,3.5,3.5,3.5,9.5,3.5,3.5,3.5,3.5,3.5,3.5,0.0,3.5,3.5,1.5,1.5,1.5,1.5,1.5,1.5,0.0,0.0,0.0,0.0,0.0,5.5,0.5,1.0,1.0,1.0,1.0,1.0,3.5,3.5,1.5,1.5,1.5,1.5,1.5,1.5,0.0,0.0,0.0,0.0,0.0,5.5,0.5,1.0,1.0,1.0,1.0,1.0,3.5,3.5,3.5,3.5,3.5,3.5,3.5,3.5,3.5,3.5,3.5,3.5,9.5,3.5,3.5,3.5,3.5,3.5,3.5,3.5,3.5,3.5,3.5,3.5,3.5,3.5,3.5,3.5,3.5,3.5,9.5,3.5,3.5,3.5,3.5,3.5,3.5,1.5,1.5,1.5,1.5,1.5,3.5,3.5,3.5,1.5,1.5,7.5,1.5,1.5,1.5,1.5,1.5,1.5,1.5,1.5,1.5,1.5,3.5,3.5,3.5,1.5,1.5,7.5,1.5,1.5,1.5,1.5,1.5,1.5,1.5,1.5,1.5,3.5,3.5,3.5,1.5,1.5,7.5,1.5,1.5,1.5,1.5,1.5,1.5,1.5,1.5,3.5,3.5,3.5,1.5,1.5,7.5,1.5,1.5,1.5,1.5,1.5,1.5,1.5,3.5,3.5,3.5,1.5,1.5,7.5,1.5,1.5,1.5,1.5,1.5,1.5,3.5,3.5,3.5,1.5,1.5,7.5,1.5,1.5,1.5,1.5,1.5,1.5,0.0,0.0,0.0,0.0,7.0,0.5,2.5,2.5,2.5,2.5,1.0,0.0,0.0,0.0,7.0,0.5,2.5,2.5,2.5,2.5,1.0,0.0,0.0,7.0,0.5,2.5,2.5,2.5,2.5,1.0,0.0,5.5,0.5,1.0,1.0,1.0,1.0,1.0,5.5,0.5,1.0,1.0,1.0,1.0,1.0,7.5,5.5,5.5,5.5,5.5,5.5,1.5,1.5,1.5,1.5,1.5,1.0,1.0,1.0,1.0,1.0,1.0,1.0,1.0,1.0,1.0
29,0 1 1 1 0 1,3.5,0.0,0.0,3.5,3.5,1.5,1.5,1.5,1.5,1.5,1.5,0.0,0.0,0.0,0.0,0.0,5.5,0.5,0.0,0.0,0.0,1.0,1.0,3.5,3.5,3.5,3.5,3.5,3.5,3.5,3.5,3.5,3.5,3.5,3.5,3.5,3.5,3.5,9.5,3.5,3.5,3.5,3.5,3.5,3.5,0.0,3.5,3.5,1.5,1.5,1.5,1.5,1.5,1.5,0.0,0.0,0.0,0.0,0.0,5.5,0.5,0.0,0.0,0.0,1.0,1.0,3.5,3.5,1.5,1.5,1.5,1.5,1.5,1.5,0.0,0.0,0.0,0.0,0.0,5.5,0.5,0.0,0.0,0.0,1.0,1.0,3.5,3.5,3.5,3.5,3.5,3.5,3.5,3.5,3.5,3.5,3.5,3.5,9.5,3.5,3.5,3.5,3.5,3.5,3.5,3.5,3.5,3.5,3.5,3.5,3.5,3.5,3.5,3.5,3.5,3.5,9.5,3.5,3.5,3.5,3.5,3.5,3.5,1.5,1.5,1.5,1.5,1.5,3.5,3.5,3.5,1.5,1.5,7.5,1.5,1.5,1.5,1.5,1.5,1.5,1.5,1.5,1.5,1.5,3.5,3.5,3.5,1.5,1.5,7.5,1.5,1.5,1.5,1.5,1.5,1.5,1.5,1.5,1.5,3.5,3.5,3.5,1.5,1.5,7.5,1.5,1.5,1.5,1.5,1.5,1.5,1.5,1.5,3.5,3.5,3.5,1.5,1.5,7.5,1.5,1.5,1.5,1.5,1.5,1.5,1.5,3.5,3.5,3.5,1.5,1.5,7.5,1.5,1.5,1.5,1.5,1.5,1.5,1.5,1.5,1.5,1.5,1.5,7.5,1.5,1.5,1.5,1.5,1.5,1.5,0.0,0.0,0.0,0.0,7.0,0.5,0.0,0.0,0.0,2.5,1.0,0.0,0.0,0.0,7.0,0.5,0.0,0.0,0.0,2.5,1.0,0.0,0.0,7.0,0.5,0.0,0.0,0.0,2.5,1.0,0.0,5.5,0.5,0.0,0.0,0.0,1.0,1.0,5.5,0.5,0.0,0.0,0.0,1.0,1.0,7.5,5.5,5.5,5.5,5.5,5.5,0.5,0.5,0.5,1.5,1.5,0.0,0.0,1.0,1.0,0.0,1.0,1.0,1.0,1.0,1.0
30,0 1 1 1 1 0,0.0,0.0,0.0,0.0,0.0,1.5,0.0,0.0,1.5,1.5,1.5,0.0,0.0,0.0,0.0,0.0,5.5,0.5,1.0,1.0,1.0,1.0,1.0,0.0,0.0,0.0,0.0,3.5,0.0,0.0,3.5,3.5,3.5,0.0,0.0,0.0,0.0,0.0,7.0,0.5,2.5,2.5,2.5,2.5,1.0,0.0,0.0,0.0,1.5,0.0,0.0,1.5,1.5,1.5,0.0,0.0,0.0,0.0,0.0,5.5,0.5,1.0,1.0,1.0,1.0,1.0,0.0,0.0,1.5,0.0,0.0,1.5,1.5,1.5,0.0,0.0,0.0,0.0,0.0,5.5,0.5,1.0,1.0,1.0,1.0,1.0,0.0,3.5,0.0,0.0,3.5,3.5,3.5,0.0,0.0,0.0,0.0,0.0,7.0,0.5,2.5,2.5,2.5,2.5,1.0,3.5,0.0,0.0,3.5,3.5,3.5,0.0,0.0,0.0,0.0,0.0,7.0,0.5,2.5,2.5,2.5,2.5,1.0,1.5,1.5,1.5,1.5,1.5,3.5,3.5,3.5,1.5,1.5,7.5,1.5,1.5,1.5,1.5,1.5,1.5,0.0,1.5,1.5,1.5,0.0,0.0,0.0,0.0,0.0,5.5,0.5,1.0,1.0,1.0,1.0,1.0,1.5,1.5,1.5,0.0,0.0,0.0,0.0,0.0,5.5,0.5,1.0,1.0,1.0,1.0,1.0,1.5,1.5,3.5,3.5,3.5,1.5,1.5,7.5,1.5,1.5,1.5,1.5,1.5,1.5,1.5,3.5,3.5,3.5,1.5,1.5,7.5,1.5,1.5,1.5,1.5,1.5,1.5,3.5,3.5,3.5,1.5,1.5,7.5,1.5,1.5,1.5,1.5,1.5,1.5,0.0,0.0,0.0,0.0,7.0,0.5,2.5,2.5,2.5,2.5,1.0,0.0,0.0,0.0,7.0,0.5,2.5,2.5,2.5,2.5,1.0,0.0,0.0,7.0,0.5,2.5,2.5,2.5,2.5,1.0,0.0,5.5,0.5,1.0,1.0,1.0,1.0,1.0,5.5,0.5,1.0,1.0,1.0,1.0,1.0,7.5,5.5,5.5,5.5,5.5,5.5,1.5,1.5,1.5,1.5,1.5,1.0,1.0,1.0,1.0,1.0,1.0,1.0,1.0,1.0,1.0
31,0 1 1 1 1 1,0.0,0.0,0.0,0.0,0.0,1.5,0.0,0.0,1.5,1.5,1.5,0.0,0.0,0.0,0.0,0.0,5.5,0.5,0.0,0.0,0.0,1.0,1.0,0.0,0.0,0.0,0.0,3.5,0.0,0.0,3.5,3.5,1.5,0.0,0.0,0.0,0.0,0.0,7.0,0.5,0.0,0.0,0.0,2.5,1.0,0.0,0.0,0.0,1.5,0.0,0.0,1.5,1.5,1.5,0.0,0.0,0.0,0.0,0.0,5.5,0.5,0.0,0.0,0.0,1.0,1.0,0.0,0.0,1.5,0.0,0.0,1.5,1.5,1.5,0.0,0.0,0.0,0.0,0.0,5.5,0.5,0.0,0.0,0.0,1.0,1.0,0.0,3.5,0.0,0.0,3.5,3.5,1.5,0.0,0.0,0.0,0.0,0.0,7.0,0.5,0.0,0.0,0.0,2.5,1.0,3.5,0.0,0.0,3.5,3.5,1.5,0.0,0.0,0.0,0.0,0.0,7.0,0.5,0.0,0.0,0.0,2.5,1.0,1.5,1.5,1.5,1.5,1.5,3.5,3.5,3.5,1.5,1.5,7.5,1.5,1.5,1.5,1.5,1.5,1.5,0.0,1.5,1.5,1.5,0.0,0.0,0.0,0.0,0.0,5.5,0.5,0.0,0.0,0.0,1.0,1.0,1.5,1.5,1.5,0.0,0.0,0.0,0.0,0.0,5.5,0.5,0.0,0.0,0.0,1.0,1.0,1.5,1.5,3.5,3.5,3.5,1.5,1.5,7.5,1.5,1.5,1.5,1.5,1.5,1.5,1.5,3.5,3.5,3.5,1.5,1.5,7.5,1.5,1.5,1.5,1.5,1.5,1.5,1.5,1.5,1.5,1.5,1.5,7.5,1.5,1.5,1.5,1.5,1.5,1.5,0.0,0.0,0.0,0.0,7.0,0.5,0.0,0.0,0.0,2.5,1.0,0.0,0.0,0.0,7.0,0.5,0.0,0.0,0.0,2.5,1.0,0.0,0.0,7.0,0.5,0.0,0.0,0.0,2.5,1.0,0.0,5.5,0.5,0.0,0.0,0.0,1.0,1.0,5.5,0.5,0.0,0.0,0.0,1.0,1.0,7.5,5.5,5.5,5.5,5.5,5.5,0.5,0.5,0.5,1.5,1.5,0.0,0.0,1.0,1.0,0.0,1.0,1.0,1.0,1.0,1.0
32,1 0 0 0 0 0,0.0,9.5,0.0,9.5,9.5,1.5,1.5,1.5,1.5,1.5,1.5,0.0,0.0,0.0,5.5,5.5,5.5,0.5,1.0,1.0,1.0,1.0,1.0,9.5,0.0,9.5,9.5,1.5,1.5,1.5,1.5,1.5,1.5,0.0,0.0,0.0,5.5,5.5,5.5,0.5,1.0,1.0,1.0,1.0,1.0,9.5,9.5,9.5,9.5,9.5,9.5,9.5,9.5,9.5,9.5,9.5,9.5,9.5,9.5,9.5,9.5,9.5,9.5,9.5,9.5,9.5,9.5,9.5,1.5,1.5,1.5,1.5,1.5,1.5,0.0,0.0,0.0,5.5,5.5,5.5,0.5,1.0,1.0,1.0,1.0,1.0,9.5,9.5,9.5,9.5,9.5,9.5,9.5,9.5,9.5,9.5,9.5,9.5,9.5,9.5,9.5,9.5,9.5,9.5,9.5,9.5,9.5,9.5,9.5,9.5,9.5,9.5,9.5,9.5,9.5,9.5,9.5,9.5,9.5,9.5,9.5,9.5,9.5,1.5,1.5,1.5,1.5,1.5,3.5,3.5,3.5,7.5,7.5,7.5,1.5,1.5,1.5,1.5,1.5,1.5,1.5,1.5,1.5,1.5,3.5,3.5,3.5,7.5,7.5,7.5,1.5,1.5,1.5,1.5,1.5,1.5,1.5,1.5,1.5,3.5,3.5,3.5,7.5,7.5,7.5,1.5,1.5,1.5,1.5,1.5,1.5,1.5,1.5,3.5,3.5,3.5,7.5,7.5,7.5,1.5,1.5,1.5,1.5,1.5,1.5,1.5,3.5,3.5,3.5,7.5,7.5,7.5,1.5,1.5,1.5,1.5,1.5,1.5,3.5,3.5,3.5,7.5,7.5,7.5,1.5,1.5,1.5,1.5,1.5,1.5,0.0,0.0,7.0,7.0,7.0,0.5,2.5,2.5,2.5,2.5,1.0,0.0,7.0,7.0,7.0,0.5,2.5,2.5,2.5,2.5,1.0,7.0,7.0,7.0,0.5,2.5,2.5,2.5,2.5,1.0,5.5,5.5,7.5,5.5,5.5,5.5,5.5,5.5,5.5,7.5,5.5,5.5,5.5,5.5,5.5,7.5,5.5,5.5,5.5,5.5,5.5,1.5,1.5,1.5,1.5,1.5,1.0,1.0,1.0,1.0,1.0,1.0,1.0,1.0,1.0,1.0
33,1 0 0 0 0 1,0.0,9.5,0.0,9.5,9.5,1.5,1.5,1.5,1.5,1.5,1.5,0.0,0.0,0.0,5.5,5.5,5.5,0.5,0.0,0.0,0.0,1.0,1.0,9.5,0.0,9.5,9.5,1.5,1.5,1.5,1.5,1.5,1.5,0.0,0.0,0.0,5.5,5.5,5.5,0.5,0.0,0.0,0.0,1.0,1.0,9.5,9.5,9.5,9.5,9.5,9.5,9.5,9.5,9.5,9.5,9.5,9.5,9.5,9.5,9.5,9.5,9.5,9.5,9.5,9.5,9.5,9.5,9.5,1.5,1.5,1.5,1.5,1.5,1.5,0.0,0.0,0.0,5.5,5.5,5.5,0.5,0.0,0.0,0.0,1.0,1.0,9.5,9.5,9.5,9.5,9.5,9.5,9.5,9.5,9.5,9.5,9.5,9.5,9.5,9.5,9.5,9.5,9.5,9.5,9.5,9.5,9.5,9.5,9.5,9.5,9.5,9.5,9.5,9.5,9.5,9.5,9.5,9.5,9.5,9.5,9.5,9.5,9.5,1.5,1.5,1.5,1.5,1.5,3.5,3.5,3.5,7.5,7.5,7.5,1.5,1.5,1.5,1.5,1.5,1.5,1.5,1.5,1.5,1.5,3.5,3.5,3.5,7.5,7.5,7.5,1.5,1.5,1.5,1.5,1.5,1.5,1.5,1.5,1.5,3.5,3.5,3.5,7.5,7.5,7.5,1.5,1.5,1.5,1.5,1.5,1.5,1.5,1.5,3.5,3.5,3.5,7.5,7.5,7.5,1.5,1.5,1.5,1.5,1.5,1.5,1.5,3.5,3.5,3.5,7.5,7.5,7.5,1.5,1.5,1.5,1.5,1.5,1.5,1.5,1.5,1.5,7.5,7.5,7.5,1.5,1.5,1.5,1.5,1.5,1.5,0.0,0.0,7.0,7.0,7.0,0.5,0.0,0.0,0.0,2.5,1.0,0.0,7.0,7.0,7.0,0.5,0.0,0.0,0.0,2.5,1.0,7.0,7.0,7.0,0.5,0.0,0.0,0.0,2.5,1.0,5.5,5.5,7.5,5.5,5.5,5.5,5.5,5.5,5.5,7.5,5.5,5.5,5.5,5.5,5.5,7.5,5.5,5.5,5.5,5.5,5.5,0.5,0.5,0.5,1.5,1.5,0.0,0.0,1.0,1.0,0.0,1.0,1.0,1.0,1.0,1.0
34,1 0 0 0 1 0,0.0,7.0,0.0,7.0,7.0,1.5,0.0,0.0,1.5,1.5,1.5,0.0,0.0,0.0,5.5,5.5,5.5,0.5,1.0,1.0,1.0,1.0,1.0,7.0,0.0,7.0,7.0,1.5,0.0,0.0,1.5,1.5,1.5,0.0,0.0,0.0,5.5,5.5,5.5,0.5,1.0,1.0,1.0,1.0,1.0,7.0,7.0,7.0,9.5,7.0,7.0,9.5,9.5,9.5,7.0,7.0,7.0,7.0,7.0,7.0,9.5,7.0,7.0,7.0,7.0,7.0,7.0,7.0,1.5,0.0,0.0,1.5,1.5,1.5,0.0,0.0,0.0,5.5,5.5,5.5,0.5,1.0,1.0,1.0,1.0,1.0,7.0,9.5,7.0,7.0,9.5,9.5,9.5,7.0,7.0,7.0,7.0,7.0,7.0,9.5,7.0,7.0,7.0,7.0,7.0,9.5,7.0,7.0,9.5,9.5,9.5,7.0,7.0,7.0,7.0,7.0,7.0,9.5,7.0,7.0,7.0,7.0,7.0,1.5,1.5,1.5,1.5,1.5,3.5,3.5,3.5,7.5,7.5,7.5,1.5,1.5,1.5,1.5,1.5,1.5,0.0,1.5,1.5,1.5,0.0,0.0,0.0,5.5,5.5,5.5,0.5,1.0,1.0,1.0,1.0,1.0,1.5,1.5,1.5,0.0,0.0,0.0,5.5,5.5,5.5,0.5,1.0,1.0,1.0,1.0,1.0,1.5,1.5,3.5,3.5,3.5,7.5,7.5,7.5,1.5,1.5,1.5,1.5,1.5,1.5,1.5,3.5,3.5,3.5,7.5,7.5,7.5,1.5,1.5,1.5,1.5,1.5,1.5,3.5,3.5,3.5,7.5,7.5,7.5,1.5,1.5,1.5,1.5,1.5,1.5,0.0,0.0,7.0,7.0,7.0,0.5,2.5,2.5,2.5,2.5,1.0,0.0,7.0,7.0,7.0,0.5,2.5,2.5,2.5,2.5,1.0,7.0,7.0,7.0,0.5,2.5,2.5,2.5,2.5,1.0,5.5,5.5,7.5,5.5,5.5,5.5,5.5,5.5,5.5,7.5,5.5,5.5,5.5,5.5,5.5,7.5,5.5,5.5,5.5,5.5,5.5,1.5,1.5,1.5,1.5,1.5,1.0,1.0,1.0,1.0,1.0,1.0,1.0,1.0,1.0,1.0
35,1 0 0 0 1 1,0.0,7.0,0.0,7.0,7.0,1.5,0.0,0.0,1.5,1.5,1.5,0.0,0.0,0.0,5.5,5.5,5.5,0.5,0.0,0.0,0.0,1.0,1.0,7.0,0.0,7.0,7.0,1.5,0.0,0.0,1.5,1.5,1.5,0.0,0.0,0.0,5.5,5.5,5.5,0.5,0.0,0.0,0.0,1.0,1.0,7.0,7.0,7.0,9.5,7.0,7.0,9.5,9.5,9.5,7.0,7.0,7.0,7.0,7.0,7.0,9.5,7.0,7.0,7.0,7.0,7.0,7.0,7.0,1.5,0.0,0.0,1.5,1.5,1.5,0.0,0.0,0.0,5.5,5.5,5.5,0.5,0.0,0.0,0.0,1.0,1.0,7.0,9.5,7.0,7.0,9.5,9.5,9.5,7.0,7.0,7.0,7.0,7.0,7.0,9.5,7.0,7.0,7.0,7.0,7.0,9.5,7.0,7.0,9.5,9.5,9.5,7.0,7.0,7.0,7.0,7.0,7.0,9.5,7.0,7.0,7.0,7.0,7.0,1.5,1.5,1.5,1.5,1.5,3.5,3.5,3.5,7.5,7.5,7.5,1.5,1.5,1.5,1.5,1.5,1.5,0.0,1.5,1.5,1.5,0.0,0.0,0.0,5.5,5.5,5.5,0.5,0.0,0.0,0.0,1.0,1.0,1.5,1.5,1.5,0.0,0.0,0.0,5.5,5.5,5.5,0.5,0.0,0.0,0.0,1.0,1.0,1.5,1.5,3.5,3.5,3.5,7.5,7.5,7.5,1.5,1.5,1.5,1.5,1.5,1.5,1.5,3.5,3.5,3.5,7.5,7.5,7.5,1.5,1.5,1.5,1.5,1.5,1.5,1.5,1.5,1.5,7.5,7.5,7.5,1.5,1.5,1.5,1.5,1.5,1.5,0.0,0.0,7.0,7.0,7.0,0.5,0.0,0.0,0.0,2.5,1.0,0.0,7.0,7.0,7.0,0.5,0.0,0.0,0.0,2.5,1.0,7.0,7.0,7.0,0.5,0.0,0.0,0.0,2.5,1.0,5.5,5.5,7.5,5.5,5.5,5.5,5.5,5.5,5.5,7.5,5.5,5.5,5.5,5.5,5.5,7.5,5.5,5.5,5.5,5.5,5.5,0.5,0.5,0.5,1.5,1.5,0.0,0.0,1.0,1.0,0.0,1.0,1.0,1.0,1.0,1.0
36,1 0 0 1 0 0,0.0,3.5,0.0,3.5,3.5,1.5,1.5,1.5,1.5,1.5,1.5,0.0,0.0,0.0,0.0,0.0,5.5,0.5,1.0,1.0,1.0,1.0,1.0,3.5,0.0,3.5,3.5,1.5,1.5,1.5,1.5,1.5,1.5,0.0,0.0,0.0,0.0,0.0,5.5,0.5,1.0,1.0,1.0,1.0,1.0,3.5,3.5,3.5,3.5,3.5,3.5,3.5,3.5,3.5,3.5,3.5,3.5,3.5,3.5,9.5,3.5,3.5,3.5,3.5,3.5,3.5,3.5,3.5,1.5,1.5,1.5,1.5,1.5,1.5,0.0,0.0,0.0,0.0,0.0,5.5,0.5,1.0,1.0,1.0,1.0,1.0,3.5,3.5,3.5,3.5,3.5,3.5,3.5,3.5,3.5,3.5,3.5,3.5,9.5,3.5,3.5,3.5,3.5,3.5,3.5,3.5,3.5,3.5,3.5,3.5,3.5,3.5,3.5,3.5,3.5,3.5,9.5,3.5,3.5,3.5,3.5,3.5,3.5,1.5,1.5,1.5,1.5,1.5,3.5,3.5,3.5,1.5,1.5,7.5,1.5,1.5,1.5,1.5,1.5,1.5,1.5,1.5,1.5,1.5,3.5,3.5,3.5,1.5,1.5,7.5,1.5,1.5,1.5,1.5,1.5,1.5,1.5,1.5,1.5,3.5,3.5,3.5,1.5,1.5,7.5,1.5,1.5,1.5,1.5,1.5,1.5,1.5,1.5,3.5,3.5,3.5,1.5,1.5,7.5,1.5,1.5,1.5,1.5,1.5,1.5,1.5,3.5,3.5,3.5,1.5,1.5,7.5,1.5,1.5,1.5,1.5,1.5,1.5,3.5,3.5,3.5,1.5,1.5,7.5,1.5,1.5,1.5,1.5,1.5,1.5,0.0,0.0,0.0,0.0,7.0,0.5,2.5,2.5,2.5,2.5,1.0,0.0,0.0,0.0,7.0,0.5,2.5,2.5,2.5,2.5,1.0,0.0,0.0,7.0,0.5,2.5,2.5,2.5,2.5,1.0,0.0,5.5,0.5,1.0,1.0,1.0,1.0,1.0,5.5,0.5,1.0,1.0,1.0,1.0,1.0,7.5,5.5,5.5,5.5,5.5,5.5,1.5,1.5,1.5,1.5,1.5,1.0,1.0,1.0,1.0,1.0,1.0,1.0,1.0,1.0,1.0
37,1 0 0 1 0 1,0.0,3.5,0.0,3.5,3.5,1.5,1.5,1.5,1.5,1.5,1.5,0.0,0.0,0.0,0.0,0.0,5.5,0.5,0.0,0.0,0.0,1.0,1.0,3.5,0.0,3.5,3.5,1.5,1.5,1.5,1.5,1.5,1.5,0.0,0.0,0.0,0.0,0.0,5.5,0.5,0.0,0.0,0.0,1.0,1.0,3.5,3.5,3.5,3.5,3.5,3.5,3.5,3.5,3.5,3.5,3.5,3.5,3.5,3.5,9.5,3.5,3.5,3.5,3.5,3.5,3.5,3.5,3.5,1.5,1.5,1.5,1.5,1.5,1.5,0.0,0.0,0.0,0.0,0.0,5.5,0.5,0.0,0.0,0.0,1.0,1.0,3.5,3.5,3.5,3.5,3.5,3.5,3.5,3.5,3.5,3.5,3.5,3.5,9.5,3.5,3.5,3.5,3.5,3.5,3.5,3.5,3.5,3.5,3.5,3.5,3.5,3.5,3.5,3.5,3.5,3.5,9.5,3.5,3.5,3.5,3.5,3.5,3.5,1.5,1.5,1.5,1.5,1.5,3.5,3.5,3.5,1.5,1.5,7.5,1.5,1.5,1.5,1.5,1.5,1.5,1.5,1.5,1.5,1.5,3.5,3.5,3.5,1.5,1.5,7.5,1.5,1.5,1.5,1.5,1.5,1.5,1.5,1.5,1.5,3.5,3.5,3.5,1.5,1.5,7.5,1.5,1.5,1.5,1.5,1.5,1.5,1.5,1.5,3.5,3.5,3.5,1.5,1.5,7.5,1.5,1.5,1.5,1.5,1.5,1.5,1.5,3.5,3.5,3.5,1.5,1.5,7.5,1.5,1.5,1.5,1.5,1.5,1.5,1.5,1.5,1.5,1.5,1.5,7.5,1.5,1.5,1.5,1.5,1.5,1.5,0.0,0.0,0.0,0.0,7.0,0.5,0.0,0.0,0.0,2.5,1.0,0.0,0.0,0.0,7.0,0.5,0.0,0.0,0.0,2.5,1.0,0.0,0.0,7.0,0.5,0.0,0.0,0.0,2.5,1.0,0.0,5.5,0.5,0.0,0.0,0.0,1.0,1.0,5.5,0.5,0.0,0.0,0.0,1.0,1.0,7.5,5.5,5.5,5.5,5.5,5.5,0.5,0.5,0.5,1.5,1.5,0.0,0.0,1.0,1.0,0.0,1.0,1.0,1.0,1.0,1.0
38,1 0 0 1 1 0,0.0,0.0,0.0,0.0,0.0,1.5,0.0,0.0,1.5,1.5,1.5,0.0,0.0,0.0,0.0,0.0,5.5,0.5,1.0,1.0,1.0,1.0,1.0,0.0,0.0,0.0,0.0,1.5,0.0,0.0,1.5,1.5,1.5,0.0,0.0,0.0,0.0,0.0,5.5,0.5,1.0,1.0,1.0,1.0,1.0,0.0,0.0,0.0,3.5,0.0,0.0,3.5,3.5,3.5,0.0,0.0,0.0,0.0,0.0,7.0,0.5,2.5,2.5,2.5,2.5,1.0,0.0,0.0,1.5,0.0,0.0,1.5,1.5,1.5,0.0,0.0,0.0,0.0,0.0,5.5,0.5,1.0,1.0,1.0,1.0,1.0,0.0,3.5,0.0,0.0,3.5,3.5,3.5,0.0,0.0,0.0,0.0,0.0,7.0,0.5,2.5,2.5,2.5,2.5,1.0,3.5,0.0,0.0,3.5,3.5,3.5,0.0,0.0,0.0,0.0,0.0,7.0,0.5,2.5,2.5,2.5,2.5,1.0,1.5,1.5,1.5,1.5,1.5,3.5,3.5,3.5,1.5,1.5,7.5,1.5,1.5,1.5,1.5,1.5,1.5,0.0,1.5,1.5,1.5,0.0,0.0,0.0,0.0,0.0,5.5,0.5,1.0,1.0,1.0,1.0,1.0,1.5,1.5,1.5,0.0,0.0,0.0,0.0,0.0,5.5,0.5,1.0,1.0,1.0,1.0,1.0,1.5,1.5,3.5,3.5,3.5,1.5,1.5,7.5,1.5,1.5,1.5,1.5,1.5,1.5,1.5,3.5,3.5,3.5,1.5,1.5,7.5,1.5,1.5,1.5,1.5,1.5,1.5,3.5,3.5,3.5,1.5,1.5,7.5,1.5,1.5,1.5,1.5,1.5,1.5,0.0,0.0,0.0,0.0,7.0,0.5,2.5,2.5,2.5,2.5,1.0,0.0,0.0,0.0,7.0,0.5,2.5,2.5,2.5,2.5,1.0,0.0,0.0,7.0,0.5,2.5,2.5,2.5,2.5,1.0,0.0,5.5,0.5,1.0,1.0,1.0,1.0,1.0,5.5,0.5,1.0,1.0,1.0,1.0,1.0,7.5,5.5,5.5,5.5,5.5,5.5,1.5,1.5,1.5,1.5,1.5,1.0,1.0,1.0,1.0,1.0,1.0,1.0,1.0,1.0,1.0
39,1 0 0 1 1 1,0.0,0.0,0.0,0.0,0.0,1.5,0.0,0.0,1.5,1.5,1.5,0.0,0.0,0.0,0.0,0.0,5.5,0.5,0.0,0.0,0.0,1.0,1.0,0.0,0.0,0.0,0.0,1.5,0.0,0.0,1.5,1.5,1.5,0.0,0.0,0.0,0.0,0.0,5.5,0.5,0.0,0.0,0.0,1.0,1.0,0.0,0.0,0.0,3.5,0.0,0.0,3.5,3.5,1.5,0.0,0.0,0.0,0.0,0.0,7.0,0.5,0.0,0.0,0.0,2.5,1.0,0.0,0.0,1.5,0.0,0.0,1.5,1.5,1.5,0.0,0.0,0.0,0.0,0.0,5.5,0.5,0.0,0.0,0.0,1.0,1.0,0.0,3.5,0.0,0.0,3.5,3.5,1.5,0.0,0.0,0.0,0.0,0.0,7.0,0.5,0.0,0.0,0.0,2.5,1.0,3.5,0.0,0.0,3.5,3.5,1.5,0.0,0.0,0.0,0.0,0.0,7.0,0.5,0.0,0.0,0.0,2.5,1.0,1.5,1.5,1.5,1.5,1.5,3.5,3.5,3.5,1.5,1.5,7.5,1.5,1.5,1.5,1.5,1.5,1.5,0.0,1.5,1.5,1.5,0.0,0.0,0.0,0.0,0.0,5.5,0.5,0.0,0.0,0.0,1.0,1.0,1.5,1.5,1.5,0.0,0.0,0.0,0.0,0.0,5.5,0.5,0.0,0.0,0.0,1.0,1.0,1.5,1.5,3.5,3.5,3.5,1.5,1.5,7.5,1.5,1.5,1.5,1.5,1.5,1.5,1.5,3.5,3.5,3.5,1.5,1.5,7.5,1.5,1.5,1.5,1.5,1.5,1.5,1.5,1.5,1.5,1.5,1.5,7.5,1.5,1.5,1.5,1.5,1.5,1.5,0.0,0.0,0.0,0.0,7.0,0.5,0.0,0.0,0.0,2.5,1.0,0.0,0.0,0.0,7.0,0.5,0.0,0.0,0.0,2.5,1.0,0.0,0.0,7.0,0.5,0.0,0.0,0.0,2.5,1.0,0.0,5.5,0.5,0.0,0.0,0.0,1.0,1.0,5.5,0.5,0.0,0.0,0.0,1.0,1.0,7.5,5.5,5.5,5.5,5.5,5.5,0.5,0.5,0.5,1.5,1.5,0.0,0.0,1.0,1.0,0.0,1.0,1.0,1.0,1.0,1.0
40,1 0 1 0 0 0,0.0,0.0,0.0,9.5,9.5,1.5,1.5,1.5,1.5,1.5,1.5,0.0,0.0,0.0,5.5,5.5,5.5,0.5,1.0,1.0,1.0,1.0,1.0,0.0,0.0,9.5,9.5,1.5,1.5,1.5,1.5,1.5,1.5,0.0,0.0,0.0,5.5,5.5,5.5,0.5,1.0,1.0,1.0,1.0,1.0,0.0,9.5,9.5,1.5,1.5,1.5,1.5,1.5,1.5,0.0,0.0,0.0,5.5,5.5,5.5,0.5,1.0,1.0,1.0,1.0,1.0,9.5,9.5,1.5,1.5,1.5,1.5,1.5,1.5,0.0,0.0,0.0,5.5,5.5,5.5,0.5,1.0,1.0,1.0,1.0,1.0,9.5,9.5,9.5,9.5,9.5,9.5,9.5,9.5,9.5,9.5,9.5,9.5,9.5,9.5,9.5,9.5,9.5,9.5,9.5,9.5,9.5,9.5,9.5,9.5,9.5,9.5,9.5,9.5,9.5,9.5,9.5,9.5,9.5,9.5,9.5,9.5,9.5,1.5,1.5,1.5,1.5,1.5,3.5,3.5,3.5,7.5,7.5,7.5,1.5,1.5,1.5,1.5,1.5,1.5,1.5,1.5,1.5,1.5,3.5,3.5,3.5,7.5,7.5,7.5,1.5,1.5,1.5,1.5,1.5,1.5,1.5,1.5,1.5,3.5,3.5,3.5,7.5,7.5,7.5,1.5,1.5,1.5,1.5,1.5,1.5,1.5,1.5,3.5,3.5,3.5,7.5,7.5,7.5,1.5,1.5,1.5,1.5,1.5,1.5,1.5,3.5,3.5,3.5,7.5,7.5,7.5,1.5,1.5,1.5,1.5,1.5,1.5,3.5,3.5,3.5,7.5,7.5,7.5,1.5,1.5,1.5,1.5,1.5,1.5,0.0,0.0,7.0,7.0,7.0,0.5,2.5,2.5,2.5,2.5,1.0,0.0,7.0,7.0,7.0,0.5,2.5,2.5,2.5,2.5,1.0,7.0,7.0,7.0,0.5,2.5,2.5,2.5,2.5,1.0,5.5,5.5,7.5,5.5,5.5,5.5,5.5,5.5,5.5,7.5,5.5,5.5,5.5,5.5,5.5,7.5,5.5,5.5,5.5,5.5,5.5,1.5,1.5,1.5,1.5,1.5,1.0,1.0,1.0,1.0,1.0,1.0,1.0,1.0,1.0,1.0
41,1 0 1 0 0 1,0.0,0.0,0.0,9.5,9.5,1.5,1.5,1.5,1.5,1.5,1.5,0.0,0.0,0.0,5.5,5.5,5.5,0.5,0.0,0.0,0.0,1.0,1.0,0.0,0.0,9.5,9.5,1.5,1.5,1.5,1.5,1.5,1.5,0.0,0.0,0.0,5.5,5.5,5.5,0.5,0.0,0.0,0.0,1.0,1.0,0.0,9.5,9.5,1.5,1.5,1.5,1.5,1.5,1.5,0.0,0.0,0.0,5.5,5.5,5.5,0.5,0.0,0.0,0.0,1.0,1.0,9.5,9.5,1.5,1.5,1.5,1.5,1.5,1.5,0.0,0.0,0.0,5.5,5.5,5.5,0.5,0.0,0.0,0.0,1.0,1.0,9.5,9.5,9.5,9.5,9.5,9.5,9.5,9.5,9.5,9.5,9.5,9.5,9.5,9.5,9.5,9.5,9.5,9.5,9.5,9.5,9.5,9.5,9.5,9.5,9.5,9.5,9.5,9.5,9.5,9.5,9.5,9.5,9.5,9.5,9.5,9.5,9.5,1.5,1.5,1.5,1.5,1.5,3.5,3.5,3.5,7.5,7.5,7.5,1.5,1.5,1.5,1.5,1.5,1.5,1.5,1.5,1.5,1.5,3.5,3.5,3.5,7.5,7.5,7.5,1.5,1.5,1.5,1.5,1.5,1.5,1.5,1.5,1.5,3.5,3.5,3.5,7.5,7.5,7.5,1.5,1.5,1.5,1.5,1.5,1.5,1.5,1.5,3.5,3.5,3.5,7.5,7.5,7.5,1.5,1.5,1.5,1.5,1.5,1.5,1.5,3.5,3.5,3.5,7.5,7.5,7.5,1.5,1.5,1.5,1.5,1.5,1.5,1.5,1.5,1.5,7.5,7.5,7.5,1.5,1.5,1.5,1.5,1.5,1.5,0.0,0.0,7.0,7.0,7.0,0.5,0.0,0.0,0.0,2.5,1.0,0.0,7.0,7.0,7.0,0.5,0.0,0.0,0.0,2.5,1.0,7.0,7.0,7.0,0.5,0.0,0.0,0.0,2.5,1.0,5.5,5.5,7.5,5.5,5.5,5.5,5.5,5.5,5.5,7.5,5.5,5.5,5.5,5.5,5.5,7.5,5.5,5.5,5.5,5.5,5.5,0.5,0.5,0.5,1.5,1.5,0.0,0.0,1.0,1.0,0.0,1.0,1.0,1.0,1.0,1.0
42,1 0 1 0 1 0,0.0,0.0,0.0,7.0,7.0,1.5,0.0,0.0,1.5,1.5,1.5,0.0,0.0,0.0,5.5,5.5,5.5,0.5,1.0,1.0,1.0,1.0,1.0,0.0,0.0,7.0,7.0,1.5,0.0,0.0,1.5,1.5,1.5,0.0,0.0,0.0,5.5,5.5,5.5,0.5,1.0,1.0,1.0,1.0,1.0,0.0,7.0,7.0,1.5,0.0,0.0,1.5,1.5,1.5,0.0,0.0,0.0,5.5,5.5,5.5,0.5,1.0,1.0,1.0,1.0,1.0,7.0,7.0,1.5,0.0,0.0,1.5,1.5,1.5,0.0,0.0,0.0,5.5,5.5,5.5,0.5,1.0,1.0,1.0,1.0,1.0,7.0,9.5,7.0,7.0,9.5,9.5,9.5,7.0,7.0,7.0,7.0,7.0,7.0,9.5,7.0,7.0,7.0,7.0,7.0,9.5,7.0,7.0,9.5,9.5,9.5,7.0,7.0,7.0,7.0,7.0,7.0,9.5,7.0,7.0,7.0,7.0,7.0,1.5,1.5,1.5,1.5,1.5,3.5,3.5,3.5,7.5,7.5,7.5,1.5,1.5,1.5,1.5,1.5,1.5,0.0,1.5,1.5,1.5,0.0,0.0,0.0,5.5,5.5,5.5,0.5,1.0,1.0,1.0,1.0,1.0,1.5,1.5,1.5,0.0,0.0,0.0,5.5,5.5,5.5,0.5,1.0,1.0,1.0,1.0,1.0,1.5,1.5,3.5,3.5,3.5,7.5,7.5,7.5,1.5,1.5,1.5,1.5,1.5,1.5,1.5,3.5,3.5,3.5,7.5,7.5,7.5,1.5,1.5,1.5,1.5,1.5,1.5,3.5,3.5,3.5,7.5,7.5,7.5,1.5,1.5,1.5,1.5,1.5,1.5,0.0,0.0,7.0,7.0,7.0,0.5,2.5,2.5,2.5,2.5,1.0,0.0,7.0,7.0,7.0,0.5,2.5,2.5,2.5,2.5,1.0,7.0,7.0,7.0,0.5,2.5,2.5,2.5,2.5,1.0,5.5,5.5,7.5,5.5,5.5,5.5,5.5,5.5,5.5,7.5,5.5,5.5,5.5,5.5,5.5,7.5,5.5,5.5,5.5,5.5,5.5,1.5,1.5,1.5,1.5,1.5,1.0,1.0,1.0,1.0,1.0,1.0,1.0,1.0,1.0,1.0
43,1 0 1 0 1 1,0.0,0.0,0.0,7.0,7.0,1.5,0.0,0.0,1.5,1.5,1.5,0.0,0.0,0.0,5.5,5.5,5.5,0.5,0.0,0.0,0.0,1.0,1.0,0.0,0.0,7.0,7.0,1.5,0.0,0.0,1.5,1.5,1.5,0.0,0.0,0.0,5.5,5.5,5.5,0.5,0.0,0.0,0.0,1.0,1.0,0.0,7.0,7.0,1.5,0.0,0.0,1.5,1.5,1.5,0.0,0.0,0.0,5.5,5.5,5.5,0.5,0.0,0.0,0.0,1.0,1.0,7.0,7.0,1.5,0.0,0.0,1.5,1.5,1.5,0.0,0.0,0.0,5.5,5.5,5.5,0.5,0.0,0.0,0.0,1.0,1.0,7.0,9.5,7.0,7.0,9.5,9.5,9.5,7.0,7.0,7.0,7.0,7.0,7.0,9.5,7.0,7.0,7.0,7.0,7.0,9.5,7.0,7.0,9.5,9.5,9.5,7.0,7.0,7.0,7.0,7.0,7.0,9.5,7.0,7.0,7.0,7.0,7.0,1.5,1.5,1.5,1.5,1.5,3.5,3.5,3.5,7.5,7.5,7.5,1.5,1.5,1.5,1.5,1.5,1.5,0.0,1.5,1.5,1.5,0.0,0.0,0.0,5.5,5.5,5.5,0.5,0.0,0.0,0.0,1.0,1.0,1.5,1.5,1.5,0.0,0.0,0.0,5.5,5.5,5.5,0.5,0.0,0.0,0.0,1.0,1.0,1.5,1.5,3.5,3.5,3.5,7.5,7.5,7.5,1.5,1.5,1.5,1.5,1.5,1.5,1.5,3.5,3.5,3.5,7.5,7.5,7.5,1.5,1.5,1.5,1.5,1.5,1.5,1.5,1.5,1.5,7.5,7.5,7.5,1.5,1.5,1.5,1.5,1.5,1.5,0.0,0.0,7.0,7.0,7.0,0.5,0.0,0.0,0.0,2.5,1.0,0.0,7.0,7.0,7.0,0.5,0.0,0.0,0.0,2.5,1.0,7.0,7.0,7.0,0.5,0.0,0.0,0.0,2.5,1.0,5.5,5.5,7.5,5.5,5.5,5.5,5.5,5.5,5.5,7.5,5.5,5.5,5.5,5.5,5.5,7.5,5.5,5.5,5.5,5.5,5.5,0.5,0.5,0.5,1.5,1.5,0.0,0.0,1.0,1.0,0.0,1.0,1.0,1.0,1.0,1.0
44,1 0 1 1 0 0,0.0,0.0,0.0,3.5,3.5,1.5,1.5,1.5,1.5,1.5,1.5,0.0,0.0,0.0,0.0,0.0,5.5,0.5,1.0,1.0,1.0,1.0,1.0,0.0,0.0,3.5,3.5,1.5,1.5,1.5,1.5,1.5,1.5,0.0,0.0,0.0,0.0,0.0,5.5,0.5,1.0,1.0,1.0,1.0,1.0,0.0,3.5,3.5,1.5,1.5,1.5,1.5,1.5,1.5,0.0,0.0,0.0,0.0,0.0,5.5,0.5,1.0,1.0,1.0,1.0,1.0,3.5,3.5,1.5,1.5,1.5,1.5,1.5,1.5,0.0,0.0,0.0,0.0,0.0,5.5,0.5,1.0,1.0,1.0,1.0,1.0,3.5,3.5,3.5,3.5,3.5,3.5,3.5,3.5,3.5,3.5,3.5,3.5,9.5,3.5,3.5,3.5,3.5,3.5,3.5,3.5,3.5,3.5,3.5,3.5,3.5,3.5,3.5,3.5,3.5,3.5,9.5,3.5,3.5,3.5,3.5,3.5,3.5,1.5,1.5,1.5,1.5,1.5,3.5,3.5,3.5,1.5,1.5,7.5,1.5,1.5,1.5,1.5,1.5,1.5,1.5,1.5,1.5,1.5,3.5,3.5,3.5,1.5,1.5,7.5,1.5,1.5,1.5,1.5,1.5,1.5,1.5,1.5,1.5,3.5,3.5,3.5,1.5,1.5,7.5,1.5,1.5,1.5,1.5,1.5,1.5,1.5,1.5,3.5,3.5,3.5,1.5,1.5,7.5,1.5,1.5,1.5,1.5,1.5,1.5,1.5,3.5,3.5,3.5,1.5,1.5,7.5,1.5,1.5,1.5,1.5,1.5,1.5,3.5,3.5,3.5,1.5,1.5,7.5,1.5,1.5,1.5,1.5,1.5,1.5,0.0,0.0,0.0,0.0,7.0,0.5,2.5,2.5,2.5,2.5,1.0,0.0,0.0,0.0,7.0,0.5,2.5,2.5,2.5,2.5,1.0,0.0,0.0,7.0,0.5,2.5,2.5,2.5,2.5,1.0,0.0,5.5,0.5,1.0,1.0,1.0,1.0,1.0,5.5,0.5,1.0,1.0,1.0,1.0,1.0,7.5,5.5,5.5,5.5,5.5,5.5,1.5,1.5,1.5,1.5,1.5,1.0,1.0,1.0,1.0,1.0,1.0,1.0,1.0,1.0,1.0
45,1 0 1 1 0 1,0.0,0.0,0.0,3.5,3.5,1.5,1.5,1.5,1.5,1.5,1.5,0.0,0.0,0.0,0.0,0.0,5.5,0.5,0.0,0.0,0.0,1.0,1.0,0.0,0.0,3.5,3.5,1.5,1.5,1.5,1.5,1.5,1.5,0.0,0.0,0.0,0.0,0.0,5.5,0.5,0.0,0.0,0.0,1.0,1.0,0.0,3.5,3.5,1.5,1.5,1.5,1.5,1.5,1.5,0.0,0.0,0.0,0.0,0.0,5.5,0.5,0.0,0.0,0.0,1.0,1.0,3.5,3.5,1.5,1.5,1.5,1.5,1.5,1.5,0.0,0.0,0.0,0.0,0.0,5.5,0.5,0.0,0.0,0.0,1.0,1.0,3.5,3.5,3.5,3.5,3.5,3.5,3.5,3.5,3.5,3.5,3.5,3.5,9.5,3.5,3.5,3.5,3.5,3.5,3.5,3.5,3.5,3.5,3.5,3.5,3.5,3.5,3.5,3.5,3.5,3.5,9.5,3.5,3.5,3.5,3.5,3.5,3.5,1.5,1.5,1.5,1.5,1.5,3.5,3.5,3.5,1.5,1.5,7.5,1.5,1.5,1.5,1.5,1.5,1.5,1.5,1.5,1.5,1.5,3.5,3.5,3.5,1.5,1.5,7.5,1.5,1.5,1.5,1.5,1.5,1.5,1.5,1.5,1.5,3.5,3.5,3.5,1.5,1.5,7.5,1.5,1.5,1.5,1.5,1.5,1.5,1.5,1.5,3.5,3.5,3.5,1.5,1.5,7.5,1.5,1.5,1.5,1.5,1.5,1.5,1.5,3.5,3.5,3.5,1.5,1.5,7.5,1.5,1.5,1.5,1.5,1.5,1.5,1.5,1.5,1.5,1.5,1.5,7.5,1.5,1.5,1.5,1.5,1.5,1.5,0.0,0.0,0.0,0.0,7.0,0.5,0.0,0.0,0.0,2.5,1.0,0.0,0.0,0.0,7.0,0.5,0.0,0.0,0.0,2.5,1.0,0.0,0.0,7.0,0.5,0.0,0.0,0.0,2.5,1.0,0.0,5.5,0.5,0.0,0.0,0.0,1.0,1.0,5.5,0.5,0.0,0.0,0.0,1.0,1.0,7.5,5.5,5.5,5.5,5.5,5.5,0.5,0.5,0.5,1.5,1.5,0.0,0.0,1.0,1.0,0.0,1.0,1.0,1.0,1.0,1.0
46,1 0 1 1 1 0,0.0,0.0,0.0,0.0,0.0,1.5,0.0,0.0,1.5,1.5,1.5,0.0,0.0,0.0,0.0,0.0,5.5,0.5,1.0,1.0,1.0,1.0,1.0,0.0,0.0,0.0,0.0,1.5,0.0,0.0,1.5,1.5,1.5,0.0,0.0,0.0,0.0,0.0,5.5,0.5,1.0,1.0,1.0,1.0,1.0,0.0,0.0,0.0,1.5,0.0,0.0,1.5,1.5,1.5,0.0,0.0,0.0,0.0,0.0,5.5,0.5,1.0,1.0,1.0,1.0,1.0,0.0,0.0,1.5,0.0,0.0,1.5,1.5,1.5,0.0,0.0,0.0,0.0,0.0,5.5,0.5,1.0,1.0,1.0,1.0,1.0,0.0,3.5,0.0,0.0,3.5,3.5,3.5,0.0,0.0,0.0,0.0,0.0,7.0,0.5,2.5,2.5,2.5,2.5,1.0,3.5,0.0,0.0,3.5,3.5,3.5,0.0,0.0,0.0,0.0,0.0,7.0,0.5,2.5,2.5,2.5,2.5,1.0,1.5,1.5,1.5,1.5,1.5,3.5,3.5,3.5,1.5,1.5,7.5,1.5,1.5,1.5,1.5,1.5,1.5,0.0,1.5,1.5,1.5,0.0,0.0,0.0,0.0,0.0,5.5,0.5,1.0,1.0,1.0,1.0,1.0,1.5,1.5,1.5,0.0,0.0,0.0,0.0,0.0,5.5,0.5,1.0,1.0,1.0,1.0,1.0,1.5,1.5,3.5,3.5,3.5,1.5,1.5,7.5,1.5,1.5,1.5,1.5,1.5,1.5,1.5,3.5,3.5,3.5,1.5,1.5,7.5,1.5,1.5,1.5,1.5,1.5,1.5,3.5,3.5,3.5,1.5,1.5,7.5,1.5,1.5,1.5,1.5,1.5,1.5,0.0,0.0,0.0,0.0,7.0,0.5,2.5,2.5,2.5,2.5,1.0,0.0,0.0,0.0,7.0,0.5,2.5,2.5,2.5,2.5,1.0,0.0,0.0,7.0,0.5,2.5,2.5,2.5,2.5,1.0,0.0,5.5,0.5,1.0,1.0,1.0,1.0,1.0,5.5,0.5,1.0,1.0,1.0,1.0,1.0,7.5,5.5,5.5,5.5,5.5,5.5,1.5,1.5,1.5,1.5,1.5,1.0,1.0,1.0,1.0,1.0,1.0,1.0,1.0,1.0,1.0
47,1 0 1 1 1 1,0.0,0.0,0.0,0.0,0.0,1.5,0.0,0.0,1.5,1.5,1.5,0.0,0.0,0.0,0.0,0.0,5.5,0.5,0.0,0.0,0.0,1.0,1.0,0.0,0.0,0.0,0.0,1.5,0.0,0.0,1.5,1.5,1.5,0.0,0.0,0.0,0.0,0.0,5.5,0.5,0.0,0.0,0.0,1.0,1.0,0.0,0.0,0.0,1.5,0.0,0.0,1.5,1.5,1.5,0.0,0.0,0.0,0.0,0.0,5.5,0.5,0.0,0.0,0.0,1.0,1.0,0.0,0.0,1.5,0.0,0.0,1.5,1.5,1.5,0.0,0.0,0.0,0.0,0.0,5.5,0.5,0.0,0.0,0.0,1.0,1.0,0.0,3.5,0.0,0.0,3.5,3.5,1.5,0.0,0.0,0.0,0.0,0.0,7.0,0.5,0.0,0.0,0.0,2.5,1.0,3.5,0.0,0.0,3.5,3.5,1.5,0.0,0.0,0.0,0.0,0.0,7.0,0.5,0.0,0.0,0.0,2.5,1.0,1.5,1.5,1.5,1.5,1.5,3.5,3.5,3.5,1.5,1.5,7.5,1.5,1.5,1.5,1.5,1.5,1.5,0.0,1.5,1.5,1.5,0.0,0.0,0.0,0.0,0.0,5.5,0.5,0.0,0.0,0.0,1.0,1.0,1.5,1.5,1.5,0.0,0.0,0.0,0.0,0.0,5.5,0.5,0.0,0.0,0.0,1.0,1.0,1.5,1.5,3.5,3.5,3.5,1.5,1.5,7.5,1.5,1.5,1.5,1.5,1.5,1.5,1.5,3.5,3.5,3.5,1.5,1.5,7.5,1.5,1.5,1.5,1.5,1.5,1.5,1.5,1.5,1.5,1.5,1.5,7.5,1.5,1.5,1.5,1.5,1.5,1.5,0.0,0.0,0.0,0.0,7.0,0.5,0.0,0.0,0.0,2.5,1.0,0.0,0.0,0.0,7.0,0.5,0.0,0.0,0.0,2.5,1.0,0.0,0.0,7.0,0.5,0.0,0.0,0.0,2.5,1.0,0.0,5.5,0.5,0.0,0.0,0.0,1.0,1.0,5.5,0.5,0.0,0.0,0.0,1.0,1.0,7.5,5.5,5.5,5.5,5.5,5.5,0.5,0.5,0.5,1.5,1.5,0.0,0.0,1.0,1.0,0.0,1.0,1.0,1.0,1.0,1.0
48,1 1 0 0 0 0,0.0,9.5,0.0,9.5,9.5,1.5,1.5,1.5,1.5,1.5,1.5,0.0,0.0,0.0,5.5,5.5,5.5,0.5,1.0,1.0,1.0,1.0,1.0,9.5,0.0,9.5,9.5,1.5,1.5,1.5,1.5,1.5,1.5,0.0,0.0,0.0,5.5,5.5,5.5,0.5,1.0,1.0,1.0,1.0,1.0,9.5,9.5,9.5,9.5,9.5,9.5,9.5,9.5,9.5,9.5,9.5,9.5,9.5,9.5,9.5,9.5,9.5,9.5,9.5,9.5,9.5,9.5,9.5,1.5,1.5,1.5,1.5,1.5,1.5,0.0,0.0,0.0,5.5,5.5,5.5,0.5,1.0,1.0,1.0,1.0,1.0,9.5,9.5,9.5,9.5,9.5,9.5,9.5,9.5,9.5,9.5,9.5,9.5,9.5,9.5,9.5,9.5,9.5,9.5,9.5,9.5,9.5,9.5,9.5,9.5,9.5,9.5,9.5,9.5,9.5,9.5,9.5,9.5,9.5,9.5,9.5,9.5,9.5,1.5,1.5,1.5,1.5,1.5,3.5,3.5,3.5,7.5,7.5,7.5,1.5,1.5,1.5,1.5,1.5,1.5,1.5,1.5,1.5,1.5,3.5,3.5,3.5,7.5,7.5,7.5,1.5,1.5,1.5,1.5,1.5,1.5,1.5,1.5,1.5,3.5,3.5,3.5,7.5,7.5,7.5,1.5,1.5,1.5,1.5,1.5,1.5,1.5,1.5,3.5,3.5,3.5,7.5,7.5,7.5,1.5,1.5,1.5,1.5,1.5,1.5,1.5,3.5,3.5,3.5,7.5,7.5,7.5,1.5,1.5,1.5,1.5,1.5,1.5,3.5,3.5,3.5,7.5,7.5,7.5,1.5,1.5,1.5,1.5,1.5,1.5,0.0,0.0,7.0,7.0,7.0,0.5,2.5,2.5,2.5,2.5,1.0,0.0,7.0,7.0,7.0,0.5,2.5,2.5,2.5,2.5,1.0,7.0,7.0,7.0,0.5,2.5,2.5,2.5,2.5,1.0,5.5,5.5,7.5,5.5,5.5,5.5,5.5,5.5,5.5,7.5,5.5,5.5,5.5,5.5,5.5,7.5,5.5,5.5,5.5,5.5,5.5,1.5,1.5,1.5,1.5,1.5,1.0,1.0,1.0,1.0,1.0,1.0,1.0,1.0,1.0,1.0
49,1 1 0 0 0 1,0.0,9.5,0.0,9.5,9.5,1.5,1.5,1.5,1.5,1.5,1.5,0.0,0.0,0.0,5.5,5.5,5.5,0.5,0.0,0.0,0.0,1.0,1.0,9.5,0.0,9.5,9.5,1.5,1.5,1.5,1.5,1.5,1.5,0.0,0.0,0.0,5.5,5.5,5.5,0.5,0.0,0.0,0.0,1.0,1.0,9.5,9.5,9.5,9.5,9.5,9.5,9.5,9.5,9.5,9.5,9.5,9.5,9.5,9.5,9.5,9.5,9.5,9.5,9.5,9.5,9.5,9.5,9.5,1.5,1.5,1.5,1.5,1.5,1.5,0.0,0.0,0.0,5.5,5.5,5.5,0.5,0.0,0.0,0.0,1.0,1.0,9.5,9.5,9.5,9.5,9.5,9.5,9.5,9.5,9.5,9.5,9.5,9.5,9.5,9.5,9.5,9.5,9.5,9.5,9.5,9.5,9.5,9.5,9.5,9.5,9.5,9.5,9.5,9.5,9.5,9.5,9.5,9.5,9.5,9.5,9.5,9.5,9.5,1.5,1.5,1.5,1.5,1.5,3.5,3.5,3.5,7.5,7.5,7.5,1.5,1.5,1.5,1.5,1.5,1.5,1.5,1.5,1.5,1.5,3.5,3.5,3.5,7.5,7.5,7.5,1.5,1.5,1.5,1.5,1.5,1.5,1.5,1.5,1.5,3.5,3.5,3.5,7.5,7.5,7.5,1.5,1.5,1.5,1.5,1.5,1.5,1.5,1.5,3.5,3.5,3.5,7.5,7.5,7.5,1.5,1.5,1.5,1.5,1.5,1.5,1.5,3.5,3.5,3.5,7.5,7.5,7.5,1.5,1.5,1.5,1.5,1.5,1.5,1.5,1.5,1.5,7.5,7.5,7.5,1.5,1.5,1.5,1.5,1.5,1.5,0.0,0.0,7.0,7.0,7.0,0.5,0.0,0.0,0.0,2.5,1.0,0.0,7.0,7.0,7.0,0.5,0.0,0.0,0.0,2.5,1.0,7.0,7.0,7.0,0.5,0.0,0.0,0.0,2.5,1.0,5.5,5.5,7.5,5.5,5.5,5.5,5.5,5.5,5.5,7.5,5.5,5.5,5.5,5.5,5.5,7.5,5.5,5.5,5.5,5.5,5.5,0.5,0.5,0.5,1.5,1.5,0.0,0.0,1.0,1.0,0.0,1.0,1.0,1.0,1.0,1.0
50,1 1 0 0 1 0,0.0,7.0,0.0,7.0,7.0,1.5,0.0,0.0,1.5,1.5,1.5,0.0,0.0,0.0,5.5,5.5,5.5,0.5,1.0,1.0,1.0,1.0,1.0,7.0,0.0,7.0,7.0,1.5,0.0,0.0,1.5,1.5,1.5,0.0,0.0,0.0,5.5,5.5,5.5,0.5,1.0,1.0,1.0,1.0,1.0,7.0,7.0,7.0,9.5,7.0,7.0,9.5,9.5,9.5,7.0,7.0,7.0,7.0,7.0,7.0,9.5,7.0,7.0,7.0,7.0,7.0,7.0,7.0,1.5,0.0,0.0,1.5,1.5,1.5,0.0,0.0,0.0,5.5,5.5,5.5,0.5,1.0,1.0,1.0,1.0,1.0,7.0,9.5,7.0,7.0,9.5,9.5,9.5,7.0,7.0,7.0,7.0,7.0,7.0,9.5,7.0,7.0,7.0,7.0,7.0,9.5,7.0,7.0,9.5,9.5,9.5,7.0,7.0,7.0,7.0,7.0,7.0,9.5,7.0,7.0,7.0,7.0,7.0,1.5,1.5,1.5,1.5,1.5,3.5,3.5,3.5,7.5,7.5,7.5,1.5,1.5,1.5,1.5,1.5,1.5,0.0,1.5,1.5,1.5,0.0,0.0,0.0,5.5,5.5,5.5,0.5,1.0,1.0,1.0,1.0,1.0,1.5,1.5,1.5,0.0,0.0,0.0,5.5,5.5,5.5,0.5,1.0,1.0,1.0,1.0,1.0,1.5,1.5,3.5,3.5,3.5,7.5,7.5,7.5,1.5,1.5,1.5,1.5,1.5,1.5,1.5,3.5,3.5,3.5,7.5,7.5,7.5,1.5,1.5,1.5,1.5,1.5,1.5,3.5,3.5,3.5,7.5,7.5,7.5,1.5,1.5,1.5,1.5,1.5,1.5,0.0,0.0,7.0,7.0,7.0,0.5,2.5,2.5,2.5,2.5,1.0,0.0,7.0,7.0,7.0,0.5,2.5,2.5,2.5,2.5,1.0,7.0,7.0,7.0,0.5,2.5,2.5,2.5,2.5,1.0,5.5,5.5,7.5,5.5,5.5,5.5,5.5,5.5,5.5,7.5,5.5,5.5,5.5,5.5,5.5,7.5,5.5,5.5,5.5,5.5,5.5,1.5,1.5,1.5,1.5,1.5,1.0,1.0,1.0,1.0,1.0,1.0,1.0,1.0,1.0,1.0
51,1 1 0 0 1 1,0.0,7.0,0.0,7.0,7.0,1.5,0.0,0.0,1.5,1.5,1.5,0.0,0.0,0.0,5.5,5.5,5.5,0.5,0.0,0.0,0.0,1.0,1.0,7.0,0.0,7.0,7.0,1.5,0.0,0.0,1.5,1.5,1.5,0.0,0.0,0.0,5.5,5.5,5.5,0.5,0.0,0.0,0.0,1.0,1.0,7.0,7.0,7.0,9.5,7.0,7.0,9.5,9.5,9.5,7.0,7.0,7.0,7.0,7.0,7.0,9.5,7.0,7.0,7.0,7.0,7.0,7.0,7.0,1.5,0.0,0.0,1.5,1.5,1.5,0.0,0.0,0.0,5.5,5.5,5.5,0.5,0.0,0.0,0.0,1.0,1.0,7.0,9.5,7.0,7.0,9.5,9.5,9.5,7.0,7.0,7.0,7.0,7.0,7.0,9.5,7.0,7.0,7.0,7.0,7.0,9.5,7.0,7.0,9.5,9.5,9.5,7.0,7.0,7.0,7.0,7.0,7.0,9.5,7.0,7.0,7.0,7.0,7.0,1.5,1.5,1.5,1.5,1.5,3.5,3.5,3.5,7.5,7.5,7.5,1.5,1.5,1.5,1.5,1.5,1.5,0.0,1.5,1.5,1.5,0.0,0.0,0.0,5.5,5.5,5.5,0.5,0.0,0.0,0.0,1.0,1.0,1.5,1.5,1.5,0.0,0.0,0.0,5.5,5.5,5.5,0.5,0.0,0.0,0.0,1.0,1.0,1.5,1.5,3.5,3.5,3.5,7.5,7.5,7.5,1.5,1.5,1.5,1.5,1.5,1.5,1.5,3.5,3.5,3.5,7.5,7.5,7.5,1.5,1.5,1.5,1.5,1.5,1.5,1.5,1.5,1.5,7.5,7.5,7.5,1.5,1.5,1.5,1.5,1.5,1.5,0.0,0.0,7.0,7.0,7.0,0.5,0.0,0.0,0.0,2.5,1.0,0.0,7.0,7.0,7.0,0.5,0.0,0.0,0.0,2.5,1.0,7.0,7.0,7.0,0.5,0.0,0.0,0.0,2.5,1.0,5.5,5.5,7.5,5.5,5.5,5.5,5.5,5.5,5.5,7.5,5.5,5.5,5.5,5.5,5.5,7.5,5.5,5.5,5.5,5.5,5.5,0.5,0.5,0.5,1.5,1.5,0.0,0.0,1.0,1.0,0.0,1.0,1.0,1.0,1.0,1.0
52,1 1 0 1 0 0,0.0,3.5,0.0,3.5,3.5,1.5,1.5,1.5,1.5,1.5,1.5,0.0,0.0,0.0,0.0,0.0,5.5,0.5,1.0,1.0,1.0,1.0,1.0,3.5,0.0,3.5,3.5,1.5,1.5,1.5,1.5,1.5,1.5,0.0,0.0,0.0,0.0,0.0,5.5,0.5,1.0,1.0,1.0,1.0,1.0,3.5,3.5,3.5,3.5,3.5,3.5,3.5,3.5,3.5,3.5,3.5,3.5,3.5,3.5,9.5,3.5,3.5,3.5,3.5,3.5,3.5,3.5,3.5,1.5,1.5,1.5,1.5,1.5,1.5,0.0,0.0,0.0,0.0,0.0,5.5,0.5,1.0,1.0,1.0,1.0,1.0,3.5,3.5,3.5,3.5,3.5,3.5,3.5,3.5,3.5,3.5,3.5,3.5,9.5,3.5,3.5,3.5,3.5,3.5,3.5,3.5,3.5,3.5,3.5,3.5,3.5,3.5,3.5,3.5,3.5,3.5,9.5,3.5,3.5,3.5,3.5,3.5,3.5,1.5,1.5,1.5,1.5,1.5,3.5,3.5,3.5,1.5,1.5,7.5,1.5,1.5,1.5,1.5,1.5,1.5,1.5,1.5,1.5,1.5,3.5,3.5,3.5,1.5,1.5,7.5,1.5,1.5,1.5,1.5,1.5,1.5,1.5,1.5,1.5,3.5,3.5,3.5,1.5,1.5,7.5,1.5,1.5,1.5,1.5,1.5,1.5,1.5,1.5,3.5,3.5,3.5,1.5,1.5,7.5,1.5,1.5,1.5,1.5,1.5,1.5,1.5,3.5,3.5,3.5,1.5,1.5,7.5,1.5,1.5,1.5,1.5,1.5,1.5,3.5,3.5,3.5,1.5,1.5,7.5,1.5,1.5,1.5,1.5,1.5,1.5,0.0,0.0,0.0,0.0,7.0,0.5,2.5,2.5,2.5,2.5,1.0,0.0,0.0,0.0,7.0,0.5,2.5,2.5,2.5,2.5,1.0,0.0,0.0,7.0,0.5,2.5,2.5,2.5,2.5,1.0,0.0,5.5,0.5,1.0,1.0,1.0,1.0,1.0,5.5,0.5,1.0,1.0,1.0,1.0,1.0,7.5,5.5,5.5,5.5,5.5,5.5,1.5,1.5,1.5,1.5,1.5,1.0,1.0,1.0,1.0,1.0,1.0,1.0,1.0,1.0,1.0
53,1 1 0 1 0 1,0.0,3.5,0.0,3.5,3.5,1.5,1.5,1.5,1.5,1.5,1.5,0.0,0.0,0.0,0.0,0.0,5.5,0.5,0.0,0.0,0.0,1.0,1.0,3.5,0.0,3.5,3.5,1.5,1.5,1.5,1.5,1.5,1.5,0.0,0.0,0.0,0.0,0.0,5.5,0.5,0.0,0.0,0.0,1.0,1.0,3.5,3.5,3.5,3.5,3.5,3.5,3.5,3.5,3.5,3.5,3.5,3.5,3.5,3.5,9.5,3.5,3.5,3.5,3.5,3.5,3.5,3.5,3.5,1.5,1.5,1.5,1.5,1.5,1.5,0.0,0.0,0.0,0.0,0.0,5.5,0.5,0.0,0.0,0.0,1.0,1.0,3.5,3.5,3.5,3.5,3.5,3.5,3.5,3.5,3.5,3.5,3.5,3.5,9.5,3.5,3.5,3.5,3.5,3.5,3.5,3.5,3.5,3.5,3.5,3.5,3.5,3.5,3.5,3.5,3.5,3.5,9.5,3.5,3.5,3.5,3.5,3.5,3.5,1.5,1.5,1.5,1.5,1.5,3.5,3.5,3.5,1.5,1.5,7.5,1.5,1.5,1.5,1.5,1.5,1.5,1.5,1.5,1.5,1.5,3.5,3.5,3.5,1.5,1.5,7.5,1.5,1.5,1.5,1.5,1.5,1.5,1.5,1.5,1.5,3.5,3.5,3.5,1.5,1.5,7.5,1.5,1.5,1.5,1.5,1.5,1.5,1.5,1.5,3.5,3.5,3.5,1.5,1.5,7.5,1.5,1.5,1.5,1.5,1.5,1.5,1.5,3.5,3.5,3.5,1.5,1.5,7.5,1.5,1.5,1.5,1.5,1.5,1.5,1.5,1.5,1.5,1.5,1.5,7.5,1.5,1.5,1.5,1.5,1.5,1.5,0.0,0.0,0.0,0.0,7.0,0.5,0.0,0.0,0.0,2.5,1.0,0.0,0.0,0.0,7.0,0.5,0.0,0.0,0.0,2.5,1.0,0.0,0.0,7.0,0.5,0.0,0.0,0.0,2.5,1.0,0.0,5.5,0.5,0.0,0.0,0.0,1.0,1.0,5.5,0.5,0.0,0.0,0.0,1.0,1.0,7.5,5.5,5.5,5.5,5.5,5.5,0.5,0.5,0.5,1.5,1.5,0.0,0.0,1.0,1.0,0.0,1.0,1.0,1.0,1.0,1.0
54,1 1 0 1 1 0,0.0,0.0,0.0,0.0,0.0,1.5,0.0,0.0,1.5,1.5,1.5,0.0,0.0,0.0,0.0,0.0,5.5,0.5,1.0,1.0,1.0,1.0,1.0,0.0,0.0,0.0,0.0,1.5,0.0,0.0,1.5,1.5,1.5,0.0,0.0,0.0,0.0,0.0,5.5,0.5,1.0,1.0,1.0,1.0,1.0,0.0,0.0,0.0,3.5,0.0,0.0,3.5,3.5,3.5,0.0,0.0,0.0,0.0,0.0,7.0,0.5,2.5,2.5,2.5,2.5,1.0,0.0,0.0,1.5,0.0,0.0,1.5,1.5,1.5,0.0,0.0,0.0,0.0,0.0,5.5,0.5,1.0,1.0,1.0,1.0,1.0,0.0,3.5,0.0,0.0,3.5,3.5,3.5,0.0,0.0,0.0,0.0,0.0,7.0,0.5,2.5,2.5,2.5,2.5,1.0,3.5,0.0,0.0,3.5,3.5,3.5,0.0,0.0,0.0,0.0,0.0,7.0,0.5,2.5,2.5,2.5,2.5,1.0,1.5,1.5,1.5,1.5,1.5,3.5,3.5,3.5,1.5,1.5,7.5,1.5,1.5,1.5,1.5,1.5,1.5,0.0,1.5,1.5,1.5,0.0,0.0,0.0,0.0,0.0,5.5,0.5,1.0,1.0,1.0,1.0,1.0,1.5,1.5,1.5,0.0,0.0,0.0,0.0,0.0,5.5,0.5,1.0,1.0,1.0,1.0,1.0,1.5,1.5,3.5,3.5,3.5,1.5,1.5,7.5,1.5,1.5,1.5,1.5,1.5,1.5,1.5,3.5,3.5,3.5,1.5,1.5,7.5,1.5,1.5,1.5,1.5,1.5,1.5,3.5,3.5,3.5,1.5,1.5,7.5,1.5,1.5,1.5,1.5,1.5,1.5,0.0,0.0,0.0,0.0,7.0,0.5,2.5,2.5,2.5,2.5,1.0,0.0,0.0,0.0,7.0,0.5,2.5,2.5,2.5,2.5,1.0,0.0,0.0,7.0,0.5,2.5,2.5,2.5,2.5,1.0,0.0,5.5,0.5,1.0,1.0,1.0,1.0,1.0,5.5,0.5,1.0,1.0,1.0,1.0,1.0,7.5,5.5,5.5,5.5,5.5,5.5,1.5,1.5,1.5,1.5,1.5,1.0,1.0,1.0,1.0,1.0,1.0,1.0,1.0,1.0,1.0
55,1 1 0 1 1 1,0.0,0.0,0.0,0.0,0.0,1.5,0.0,0.0,1.5,1.5,1.5,0.0,0.0,0.0,0.0,0.0,5.5,0.5,0.0,0.0,0.0,1.0,1.0,0.0,0.0,0.0,0.0,1.5,0.0,0.0,1.5,1.5,1.5,0.0,0.0,0.0,0.0,0.0,5.5,0.5,0.0,0.0,0.0,1.0,1.0,0.0,0.0,0.0,3.5,0.0,0.0,3.5,3.5,1.5,0.0,0.0,0.0,0.0,0.0,7.0,0.5,0.0,0.0,0.0,2.5,1.0,0.0,0.0,1.5,0.0,0.0,1.5,1.5,1.5,0.0,0.0,0.0,0.0,0.0,5.5,0.5,0.0,0.0,0.0,1.0,1.0,0.0,3.5,0.0,0.0,3.5,3.5,1.5,0.0,0.0,0.0,0.0,0.0,7.0,0.5,0.0,0.0,0.0,2.5,1.0,3.5,0.0,0.0,3.5,3.5,1.5,0.0,0.0,0.0,0.0,0.0,7.0,0.5,0.0,0.0,0.0,2.5,1.0,1.5,1.5,1.5,1.5,1.5,3.5,3.5,3.5,1.5,1.5,7.5,1.5,1.5,1.5,1.5,1.5,1.5,0.0,1.5,1.5,1.5,0.0,0.0,0.0,0.0,0.0,5.5,0.5,0.0,0.0,0.0,1.0,1.0,1.5,1.5,1.5,0.0,0.0,0.0,0.0,0.0,5.5,0.5,0.0,0.0,0.0,1.0,1.0,1.5,1.5,3.5,3.5,3.5,1.5,1.5,7.5,1.5,1.5,1.5,1.5,1.5,1.5,1.5,3.5,3.5,3.5,1.5,1.5,7.5,1.5,1.5,1.5,1.5,1.5,1.5,1.5,1.5,1.5,1.5,1.5,7.5,1.5,1.5,1.5,1.5,1.5,1.5,0.0,0.0,0.0,0.0,7.0,0.5,0.0,0.0,0.0,2.5,1.0,0.0,0.0,0.0,7.0,0.5,0.0,0.0,0.0,2.5,1.0,0.0,0.0,7.0,0.5,0.0,0.0,0.0,2.5,1.0,0.0,5.5,0.5,0.0,0.0,0.0,1.0,1.0,5.5,0.5,0.0,0.0,0.0,1.0,1.0,7.5,5.5,5.5,5.5,5.5,5.5,0.5,0.5,0.5,1.5,1.5,0.0,0.0,1.0,1.0,0.0,1.0,1.0,1.0,1.0,1.0
56,1 1 1 0 0 0,0.0,0.0,0.0,9.5,9.5,1.5,1.5,1.5,1.5,1.5,1.5,0.0,0.0,0.0,5.5,5.5,5.5,0.5,1.0,1.0,1.0,1.0,1.0,0.0,0.0,9.5,9.5,1.5,1.5,1.5,1.5,1.5,1.5,0.0,0.0,0.0,5.5,5.5,5.5,0.5,1.0,1.0,1.0,1.0,1.0,0.0,9.5,9.5,1.5,1.5,1.5,1.5,1.5,1.5,0.0,0.0,0.0,5.5,5.5,5.5,0.5,1.0,1.0,1.0,1.0,1.0,9.5,9.5,1.5,1.5,1.5,1.5,1.5,1.5,0.0,0.0,0.0,5.5,5.5,5.5,0.5,1.0,1.0,1.0,1.0,1.0,9.5,9.5,9.5,9.5,9.5,9.5,9.5,9.5,9.5,9.5,9.5,9.5,9.5,9.5,9.5,9.5,9.5,9.5,9.5,9.5,9.5,9.5,9.5,9.5,9.5,9.5,9.5,9.5,9.5,9.5,9.5,9.5,9.5,9.5,9.5,9.5,9.5,1.5,1.5,1.5,1.5,1.5,3.5,3.5,3.5,7.5,7.5,7.5,1.5,1.5,1.5,1.5,1.5,1.5,1.5,1.5,1.5,1.5,3.5,3.5,3.5,7.5,7.5,7.5,1.5,1.5,1.5,1.5,1.5,1.5,1.5,1.5,1.5,3.5,3.5,3.5,7.5,7.5,7.5,1.5,1.5,1.5,1.5,1.5,1.5,1.5,1.5,3.5,3.5,3.5,7.5,7.5,7.5,1.5,1.5,1.5,1.5,1.5,1.5,1.5,3.5,3.5,3.5,7.5,7.5,7.5,1.5,1.5,1.5,1.5,1.5,1.5,3.5,3.5,3.5,7.5,7.5,7.5,1.5,1.5,1.5,1.5,1.5,1.5,0.0,0.0,7.0,7.0,7.0,0.5,2.5,2.5,2.5,2.5,1.0,0.0,7.0,7.0,7.0,0.5,2.5,2.5,2.5,2.5,1.0,7.0,7.0,7.0,0.5,2.5,2.5,2.5,2.5,1.0,5.5,5.5,7.5,5.5,5.5,5.5,5.5,5.5,5.5,7.5,5.5,5.5,5.5,5.5,5.5,7.5,5.5,5.5,5.5,5.5,5.5,1.5,1.5,1.5,1.5,1.5,1.0,1.0,1.0,1.0,1.0,1.0,1.0,1.0,1.0,1.0
57,1 1 1 0 0 1,0.0,0.0,0.0,9.5,9.5,1.5,1.5,1.5,1.5,1.5,1.5,0.0,0.0,0.0,5.5,5.5,5.5,0.5,0.0,0.0,0.0,1.0,1.0,0.0,0.0,9.5,9.5,1.5,1.5,1.5,1.5,1.5,1.5,0.0,0.0,0.0,5.5,5.5,5.5,0.5,0.0,0.0,0.0,1.0,1.0,0.0,9.5,9.5,1.5,1.5,1.5,1.5,1.5,1.5,0.0,0.0,0.0,5.5,5.5,5.5,0.5,0.0,0.0,0.0,1.0,1.0,9.5,9.5,1.5,1.5,1.5,1.5,1.5,1.5,0.0,0.0,0.0,5.5,5.5,5.5,0.5,0.0,0.0,0.0,1.0,1.0,9.5,9.5,9.5,9.5,9.5,9.5,9.5,9.5,9.5,9.5,9.5,9.5,9.5,9.5,9.5,9.5,9.5,9.5,9.5,9.5,9.5,9.5,9.5,9.5,9.5,9.5,9.5,9.5,9.5,9.5,9.5,9.5,9.5,9.5,9.5,9.5,9.5,1.5,1.5,1.5,1.5,1.5,3.5,3.5,3.5,7.5,7.5,7.5,1.5,1.5,1.5,1.5,1.5,1.5,1.5,1.5,1.5,1.5,3.5,3.5,3.5,7.5,7.5,7.5,1.5,1.5,1.5,1.5,1.5,1.5,1.5,1.5,1.5,3.5,3.5,3.5,7.5,7.5,7.5,1.5,1.5,1.5,1.5,1.5,1.5,1.5,1.5,3.5,3.5,3.5,7.5,7.5,7.5,1.5,1.5,1.5,1.5,1.5,1.5,1.5,3.5,3.5,3.5,7.5,7.5,7.5,1.5,1.5,1.5,1.5,1.5,1.5,1.5,1.5,1.5,7.5,7.5,7.5,1.5,1.5,1.5,1.5,1.5,1.5,0.0,0.0,7.0,7.0,7.0,0.5,0.0,0.0,0.0,2.5,1.0,0.0,7.0,7.0,7.0,0.5,0.0,0.0,0.0,2.5,1.0,7.0,7.0,7.0,0.5,0.0,0.0,0.0,2.5,1.0,5.5,5.5,7.5,5.5,5.5,5.5,5.5,5.5,5.5,7.5,5.5,5.5,5.5,5.5,5.5,7.5,5.5,5.5,5.5,5.5,5.5,0.5,0.5,0.5,1.5,1.5,0.0,0.0,1.0,1.0,0.0,1.0,1.0,1.0,1.0,1.0
58,1 1 1 0 1 0,0.0,0.0,0.0,7.0,7.0,1.5,0.0,0.0,1.5,1.5,1.5,0.0,0.0,0.0,5.5,5.5,5.5,0.5,1.0,1.0,1.0,1.0,1.0,0.0,0.0,7.0,7.0,1.5,0.0,0.0,1.5,1.5,1.5,0.0,0.0,0.0,5.5,5.5,5.5,0.5,1.0,1.0,1.0,1.0,1.0,0.0,7.0,7.0,1.5,0.0,0.0,1.5,1.5,1.5,0.0,0.0,0.0,5.5,5.5,5.5,0.5,1.0,1.0,1.0,1.0,1.0,7.0,7.0,1.5,0.0,0.0,1.5,1.5,1.5,0.0,0.0,0.0,5.5,5.5,5.5,0.5,1.0,1.0,1.0,1.0,1.0,7.0,9.5,7.0,7.0,9.5,9.5,9.5,7.0,7.0,7.0,7.0,7.0,7.0,9.5,7.0,7.0,7.0,7.0,7.0,9.5,7.0,7.0,9.5,9.5,9.5,7.0,7.0,7.0,7.0,7.0,7.0,9.5,7.0,7.0,7.0,7.0,7.0,1.5,1.5,1.5,1.5,1.5,3.5,3.5,3.5,7.5,7.5,7.5,1.5,1.5,1.5,1.5,1.5,1.5,0.0,1.5,1.5,1.5,0.0,0.0,0.0,5.5,5.5,5.5,0.5,1.0,1.0,1.0,1.0,1.0,1.5,1.5,1.5,0.0,0.0,0.0,5.5,5.5,5.5,0.5,1.0,1.0,1.0,1.0,1.0,1.5,1.5,3.5,3.5,3.5,7.5,7.5,7.5,1.5,1.5,1.5,1.5,1.5,1.5,1.5,3.5,3.5,3.5,7.5,7.5,7.5,1.5,1.5,1.5,1.5,1.5,1.5,3.5,3.5,3.5,7.5,7.5,7.5,1.5,1.5,1.5,1.5,1.5,1.5,0.0,0.0,7.0,7.0,7.0,0.5,2.5,2.5,2.5,2.5,1.0,0.0,7.0,7.0,7.0,0.5,2.5,2.5,2.5,2.5,1.0,7.0,7.0,7.0,0.5,2.5,2.5,2.5,2.5,1.0,5.5,5.5,7.5,5.5,5.5,5.5,5.5,5.5,5.5,7.5,5.5,5.5,5.5,5.5,5.5,7.5,5.5,5.5,5.5,5.5,5.5,1.5,1.5,1.5,1.5,1.5,1.0,1.0,1.0,1.0,1.0,1.0,1.0,1.0,1.0,1.0
59,1 1 1 0 1 1,0.0,0.0,0.0,7.0,7.0,1.5,0.0,0.0,1.5,1.5,1.5,0.0,0.0,0.0,5.5,5.5,5.5,0.5,0.0,0.0,0.0,1.0,1.0,0.0,0.0,7.0,7.0,1.5,0.0,0.0,1.5,1.5,1.5,0.0,0.0,0.0,5.5,5.5,5.5,0.5,0.0,0.0,0.0,1.0,1.0,0.0,7.0,7.0,1.5,0.0,0.0,1.5,1.5,1.5,0.0,0.0,0.0,5.5,5.5,5.5,0.5,0.0,0.0,0.0,1.0,1.0,7.0,7.0,1.5,0.0,0.0,1.5,1.5,1.5,0.0,0.0,0.0,5.5,5.5,5.5,0.5,0.0,0.0,0.0,1.0,1.0,7.0,9.5,7.0,7.0,9.5,9.5,9.5,7.0,7.0,7.0,7.0,7.0,7.0,9.5,7.0,7.0,7.0,7.0,7.0,9.5,7.0,7.0,9.5,9.5,9.5,7.0,7.0,7.0,7.0,7.0,7.0,9.5,7.0,7.0,7.0,7.0,7.0,1.5,1.5,1.5,1.5,1.5,3.5,3.5,3.5,7.5,7.5,7.5,1.5,1.5,1.5,1.5,1.5,1.5,0.0,1.5,1.5,1.5,0.0,0.0,0.0,5.5,5.5,5.5,0.5,0.0,0.0,0.0,1.0,1.0,1.5,1.5,1.5,0.0,0.0,0.0,5.5,5.5,5.5,0.5,0.0,0.0,0.0,1.0,1.0,1.5,1.5,3.5,3.5,3.5,7.5,7.5,7.5,1.5,1.5,1.5,1.5,1.5,1.5,1.5,3.5,3.5,3.5,7.5,7.5,7.5,1.5,1.5,1.5,1.5,1.5,1.5,1.5,1.5,1.5,7.5,7.5,7.5,1.5,1.5,1.5,1.5,1.5,1.5,0.0,0.0,7.0,7.0,7.0,0.5,0.0,0.0,0.0,2.5,1.0,0.0,7.0,7.0,7.0,0.5,0.0,0.0,0.0,2.5,1.0,7.0,7.0,7.0,0.5,0.0,0.0,0.0,2.5,1.0,5.5,5.5,7.5,5.5,5.5,5.5,5.5,5.5,5.5,7.5,5.5,5.5,5.5,5.5,5.5,7.5,5.5,5.5,5.5,5.5,5.5,0.5,0.5,0.5,1.5,1.5,0.0,0.0,1.0,1.0,0.0,1.0,1.0,1.0,1.0,1.0
60,1 1 1 1 0 0,0.0,0.0,0.0,3.5,3.5,1.5,1.5,1.5,1.5,1.5,1.5,0.0,0.0,0.0,0.0,0.0,5.5,0.5,1.0,1.0,1.0,1.0,1.0,0.0,0.0,3.5,3.5,1.5,1.5,1.5,1.5,1.5,1.5,0.0,0.0,0.0,0.0,0.0,5.5,0.5,1.0,1.0,1.0,1.0,1.0,0.0,3.5,3.5,1.5,1.5,1.5,1.5,1.5,1.5,0.0,0.0,0.0,0.0,0.0,5.5,0.5,1.0,1.0,1.0,1.0,1.0,3.5,3.5,1.5,1.5,1.5,1.5,1.5,1.5,0.0,0.0,0.0,0.0,0.0,5.5,0.5,1.0,1.0,1.0,1.0,1.0,3.5,3.5,3.5,3.5,3.5,3.5,3.5,3.5,3.5,3.5,3.5,3.5,9.5,3.5,3.5,3.5,3.5,3.5,3.5,3.5,3.5,3.5,3.5,3.5,3.5,3.5,3.5,3.5,3.5,3.5,9.5,3.5,3.5,3.5,3.5,3.5,3.5,1.5,1.5,1.5,1.5,1.5,3.5,3.5,3.5,1.5,1.5,7.5,1.5,1.5,1.5,1.5,1.5,1.5,1.5,1.5,1.5,1.5,3.5,3.5,3.5,1.5,1.5,7.5,1.5,1.5,1.5,1.5,1.5,1.5,1.5,1.5,1.5,3.5,3.5,3.5,1.5,1.5,7.5,1.5,1.5,1.5,1.5,1.5,1.5,1.5,1.5,3.5,3.5,3.5,1.5,1.5,7.5,1.5,1.5,1.5,1.5,1.5,1.5,1.5,3.5,3.5,3.5,1.5,1.5,7.5,1.5,1.5,1.5,1.5,1.5,1.5,3.5,3.5,3.5,1.5,1.5,7.5,1.5,1.5,1.5,1.5,1.5,1.5,0.0,0.0,0.0,0.0,7.0,0.5,2.5,2.5,2.5,2.5,1.0,0.0,0.0,0.0,7.0,0.5,2.5,2.5,2.5,2.5,1.0,0.0,0.0,7.0,0.5,2.5,2.5,2.5,2.5,1.0,0.0,5.5,0.5,1.0,1.0,1.0,1.0,1.0,5.5,0.5,1.0,1.0,1.0,1.0,1.0,7.5,5.5,5.5,5.5,5.5,5.5,1.5,1.5,1.5,1.5,1.5,1.0,1.0,1.0,1.0,1.0,1.0,1.0,1.0,1.0,1.0
61,1 1 1 1 0 1,0.0,0.0,0.0,3.5,3.5,1.5,1.5,1.5,1.5,1.5,1.5,0.0,0.0,0.0,0.0,0.0,5.5,0.5,0.0,0.0,0.0,1.0,1.0,0.0,0.0,3.5,3.5,1.5,1.5,1.5,1.5,1.5,1.5,0.0,0.0,0.0,0.0,0.0,5.5,0.5,0.0,0.0,0.0,1.0,1.0,0.0,3.5,3.5,1.5,1.5,1.5,1.5,1.5,1.5,0.0,0.0,0.0,0.0,0.0,5.5,0.5,0.0,0.0,0.0,1.0,1.0,3.5,3.5,1.5,1.5,1.5,1.5,1.5,1.5,0.0,0.0,0.0,0.0,0.0,5.5,0.5,0.0,0.0,0.0,1.0,1.0,3.5,3.5,3.5,3.5,3.5,3.5,3.5,3.5,3.5,3.5,3.5,3.5,9.5,3.5,3.5,3.5,3.5,3.5,3.5,3.5,3.5,3.5,3.5,3.5,3.5,3.5,3.5,3.5,3.5,3.5,9.5,3.5,3.5,3.5,3.5,3.5,3.5,1.5,1.5,1.5,1.5,1.5,3.5,3.5,3.5,1.5,1.5,7.5,1.5,1.5,1.5,1.5,1.5,1.5,1.5,1.5,1.5,1.5,3.5,3.5,3.5,1.5,1.5,7.5,1.5,1.5,1.5,1.5,1.5,1.5,1.5,1.5,1.5,3.5,3.5,3.5,1.5,1.5,7.5,1.5,1.5,1.5,1.5,1.5,1.5,1.5,1.5,3.5,3.5,3.5,1.5,1.5,7.5,1.5,1.5,1.5,1.5,1.5,1.5,1.5,3.5,3.5,3.5,1.5,1.5,7.5,1.5,1.5,1.5,1.5,1.5,1.5,1.5,1.5,1.5,1.5,1.5,7.5,1.5,1.5,1.5,1.5,1.5,1.5,0.0,0.0,0.0,0.0,7.0,0.5,0.0,0.0,0.0,2.5,1.0,0.0,0.0,0.0,7.0,0.5,0.0,0.0,0.0,2.5,1.0,0.0,0.0,7.0,0.5,0.0,0.0,0.0,2.5,1.0,0.0,5.5,0.5,0.0,0.0,0.0,1.0,1.0,5.5,0.5,0.0,0.0,0.0,1.0,1.0,7.5,5.5,5.5,5.5,5.5,5.5,0.5,0.5,0.5,1.5,1.5,0.0,0.0,1.0,1.0,0.0,1.0,1.0,1.0,1.0,1.0
62,1 1 1 1 1 0,0.0,0.0,0.0,0.0,0.0,1.5,0.0,0.0,1.5,1.5,1.5,0.0,0.0,0.0,0.0,0.0,5.5,0.5,1.0,1.0,1.0,1.0,1.0,0.0,0.0,0.0,0.0,1.5,0.0,0.0,1.5,1.5,1.5,0.0,0.0,0.0,0.0,0.0,5.5,0.5,1.0,1.0,1.0,1.0,1.0,0.0,0.0,0.0,1.5,0.0,0.0,1.5,1.5,1.5,0.0,0.0,0.0,0.0,0.0,5.5,0.5,1.0,1.0,1.0,1.0,1.0,0.0,0.0,1.5,0.0,0.0,1.5,1.5,1.5,0.0,0.0,0.0,0.0,0.0,5.5,0.5,1.0,1.0,1.0,1.0,1.0,0.0,3.5,0.0,0.0,3.5,3.5,3.5,0.0,0.0,0.0,0.0,0.0,7.0,0.5,2.5,2.5,2.5,2.5,1.0,3.5,0.0,0.0,3.5,3.5,3.5,0.0,0.0,0.0,0.0,0.0,7.0,0.5,2.5,2.5,2.5,2.5,1.0,1.5,1.5,1.5,1.5,1.5,3.5,3.5,3.5,1.5,1.5,7.5,1.5,1.5,1.5,1.5,1.5,1.5,0.0,1.5,1.5,1.5,0.0,0.0,0.0,0.0,0.0,5.5,0.5,1.0,1.0,1.0,1.0,1.0,1.5,1.5,1.5,0.0,0.0,0.0,0.0,0.0,5.5,0.5,1.0,1.0,1.0,1.0,1.0,1.5,1.5,3.5,3.5,3.5,1.5,1.5,7.5,1.5,1.5,1.5,1.5,1.5,1.5,1.5,3.5,3.5,3.5,1.5,1.5,7.5,1.5,1.5,1.5,1.5,1.5,1.5,3.5,3.5,3.5,1.5,1.5,7.5,1.5,1.5,1.5,1.5,1.5,1.5,0.0,0.0,0.0,0.0,7.0,0.5,2.5,2.5,2.5,2.5,1.0,0.0,0.0,0.0,7.0,0.5,2.5,2.5,2.5,2.5,1.0,0.0,0.0,7.0,0.5,2.5,2.5,2.5,2.5,1.0,0.0,5.5,0.5,1.0,1.0,1.0,1.0,1.0,5.5,0.5,1.0,1.0,1.0,1.0,1.0,7.5,5.5,5.5,5.5,5.5,5.5,1.5,1.5,1.5,1.5,1.5,1.0,1.0,1.0,1.0,1.0,1.0,1.0,1.0,1.0,1.0
63,1 1 1 1 1 1,0.0,0.0,0.0,0.0,0.0,1.5,0.0,0.0,1.5,1.5,1.5,0.0,0.0,0.0,0.0,0.0,5.5,0.5,0.0,0.0,0.0,1.0,1.0,0.0,0.0,0.0,0.0,1.5,0.0,0.0,1.5,1.5,1.5,0.0,0.0,0.0,0.0,0.0,5.5,0.5,0.0,0.0,0.0,1.0,1.0,0.0,0.0,0.0,1.5,0.0,0.0,1.5,1.5,1.5,0.0,0.0,0.0,0.0,0.0,5.5,0.5,0.0,0.0,0.0,1.0,1.0,0.0,0.0,1.5,0.0,0.0,1.5,1.5,1.5,0.0,0.0,0.0,0.0,0.0,5.5,0.5,0.0,0.0,0.0,1.0,1.0,0.0,3.5,0.0,0.0,3.5,3.5,1.5,0.0,0.0,0.0,0.0,0.0,7.0,0.5,0.0,0.0,0.0,2.5,1.0,3.5,0.0,0.0,3.5,3.5,1.5,0.0,0.0,0.0,0.0,0.0,7.0,0.5,0.0,0.0,0.0,2.5,1.0,1.5,1.5,1.5,1.5,1.5,3.5,3.5,3.5,1.5,1.5,7.5,1.5,1.5,1.5,1.5,1.5,1.5,0.0,1.5,1.5,1.5,0.0,0.0,0.0,0.0,0.0,5.5,0.5,0.0,0.0,0.0,1.0,1.0,1.5,1.5,1.5,0.0,0.0,0.0,0.0,0.0,5.5,0.5,0.0,0.0,0.0,1.0,1.0,1.5,1.5,3.5,3.5,3.5,1.5,1.5,7.5,1.5,1.5,1.5,1.5,1.5,1.5,1.5,3.5,3.5,3.5,1.5,1.5,7.5,1.5,1.5,1.5,1.5,1.5,1.5,1.5,1.5,1.5,1.5,1.5,7.5,1.5,1.5,1.5,1.5,1.5,1.5,0.0,0.0,0.0,0.0,7.0,0.5,0.0,0.0,0.0,2.5,1.0,0.0,0.0,0.0,7.0,0.5,0.0,0.0,0.0,2.5,1.0,0.0,0.0,7.0,0.5,0.0,0.0,0.0,2.5,1.0,0.0,5.5,0.5,0.0,0.0,0.0,1.0,1.0,5.5,0.5,0.0,0.0,0.0,1.0,1.0,7.5,5.5,5.5,5.5,5.5,5.5,0.5,0.5,0.5,1.5,1.5,0.0,0.0,1.0,1.0,0.0,1.0,1.0,1.0,1.0,1.0
